	Bugun (Wangho)	Bugun (Bichom)	Bugun (Singchung)	Bugun (Kaspi)	Bugun (Namphri)	Sherdukpen (Shergaon)	Sherdukpen (Rupa)	Sartang (Khoitam)	Sartang (Darbu)	Sartang (Darbu)	Sartang (Khoina)	Chug (Chug)	Lish (Lish)
1stpl.	kəthəa	khət̪he	kəthəa	khət̪he	gəthəe	ga	ga	khət̪he	gyɾy	gu	gu	gaɾkaŋpu	galu ganga
1stsg. (I)	ko	go; gu	go	gu	go	gu	gu	gu	gũ	gu	gu	ga	ga
2ndpl. (familiar)	nathəa	nat̪hek	nathəa	nathe	nathəa	nai	nabluŋ	nat̪hek	năthek	năŋthek	năthek	naɾgaŋpu	naɾugaŋga
2ndpl. (honorific)	nathəa	nathek	nathəa	nathe	nathəa	nai	nabluŋ	khiraŋ	nathek	naŋthekdʒi	nathek	nargaŋpu	naɾugaŋga
2ndsg. (familiar)	no	no	no	no	no	naŋ	naŋ	naŋ	naŋ	naŋ	naŋ	ni	naŋ
2ndsg. (honorific)	no	no	no	no	no	naŋ	naŋ	naŋ	naŋ	naŋdʒi	nare	naŋ	naŋ
3rdpl.	ethe	ethe	nathəa	thei	ethəe	jar	wabluŋ	wathek	athek	thuwe	thiwathi	waɾbaʔ	walu
3rdsg. (female)	we	uwe	uwe	thei	uwe	jai	wa	naŋ	naŋ	thuwe	khawadʒi	naŋ	ʔuid̪amu
3rdsg. (generic/male)	we	uwe	oe	thei	oe	jai	wa	khuə	naŋ	thuwe	thiwadʒi	hoi	ʔui
above	lakhuŋ	lakhuŋ	lakhuŋ	lakhuŋ	lakhuŋ	khumu	khinto	atʃuŋ	ist̪aŋan	khuŋlo	khuŋro	tʃaŋkho	khoa; khotʃamŋa
all	dʒap	dʒap	dʒap	dʒap	tham; dʒap	zaptaŋ	athom; dʒebdoŋ	athym	ăthem	athom	ăthem	kaŋpu	galugaŋga
ant	ʃiŋiŋ	siiŋ	ʃiŋiŋ	ʃiŋiŋ	ʃiŋiŋ	sandʒok	sandʒok	saŋdʒo	saŋdʒo	săŋdʒoʔ	saŋdʒo	khintʃhoʔ	khetʃho
arrow	mijak	mẽt	mẽt	məthua	mẽt	dʒili	mik	mik	ɾiʔ	ɾiʔ	ɾiʔ	miʔ	miʔ
ashes	spije	spije	spije	sə̆phije	spije	bɾoptʃhaplu	bɾoptʃhaplu	tʃaphlu	tʃăphɾu	tʃăphɾu	tʃaphlu	tʃhuba	tʃukphak
axe	thapijoŋ	thabu	thabijou	thabiu	thabijou	phĕlu	phĕlu	phullu	phɾu	phuɾu	phullu	pha	pha
back	phapuŋzak	raguŋ; ephiŋbaŋ	hadu	phadum	ləbəu; phaduŋlaŋ	ɲakhu	d̪ekhe	aky	ky	kyː	naguŋ	dʒiap	lispo
bad	avije	avije	avije	avije	avije	bedʒakpa	aɲu	aŋuba	ănuŋ	ănuŋ	ănuŋ	udʒan	nakpapaŋ
bamboo	moi	muẽ	moi	mai	mai	ma	ma	me	meʔ	meh̥	ma	mei	mei
banana	səm	səm; siŋ	səm	səm	səm	musuŋ	musuŋ	musuŋ	pə̆suŋ	bosuŋ	musuŋ	leisi	lisi
bear	stəm	stəm	stəm	stəm	sə̆thum	st̪uŋ	st̪uŋ	st̪uŋ	st̪uŋ	st̪uŋ	st̪uŋ	ʃijathum	sathom
bee	tʃəmut	tʃəmut	tʃəmut	tʃəmut	tʃəmut	tʃidʒemo	tʃhimu	tʃi	tʃăŋkwĕm	tʃhankhom	tʃə̆khəma	tʃhutʃhu	tʃiʔtʃhuama
belly	elui	elui	elui	lui	lui	siɾiŋ	siɾiŋ	fəriŋ	səɾiŋ	siɾiŋ	seri	hiliŋ	hiɲiŋ
below	bətʃou	bətʃou; ləwa	bətʃou	bətʃou	bətʃou	khuto	khuto	suŋkhu	ist̪aŋanɾo	khuɾo	khuɾo	beita	khja
betelnut	sali	sali	sali	sali	sali	sali	sali	gui	sali	sali	sali	goi	–
big	ebou	bou	ebou	bou	bou	adok	odok	adok	ăd̪oʔ	adoʔ	adok	adoʔ	ʔelaŋ
bird	fua	fua	fua	fo	fua	hu	hu	hu	huʔ	huʔ	fu	hua	hua
bitter	ekhou	khou	khou	khou	ekhou	atʃak	akhiok	tʃakbe	ădʒuŋ	tʃhiba	atʃak	tʃaʔdeʔ	tʃakde
black	esai	esai; soi	esai	soi	esui	atʃõ	atʃuŋ	atʃuŋ	atʃuŋ	atʃuŋ	atʃuŋ	utʃham	utʃham
blanket	emau	imoŋ	imoŋ	khombal	jomaŋ	kombolo	lembo	lombu	lembo	lembo	kapu	neloʔ	neloʔ
blood	efua	efua	efua	nəfai	məfai	ha	ha	he	he	hɛh̥	ha	hoi	hoi
boat	naw	naw	na	nau	khiuŋ	nau	naw	khĭ	nõ	nõ	–	–	naw
body	eso	siu	eso	siu	ʃuʔ	liʔ	lui	aʃo	so	so	aʃo	lusmama	lismamu; zug
bone	ezak	ezeŋ	ezeŋ	nizeŋ	ezeŋ	skik	skik	skiʔ	skik	səkiʔ	axik	ʃukuʃ	ʃukuʃ
bow	rak	rak	rak	rak	rak	mili	li	ri	miʔ	miʔri	li	li	li
branch	phoŋ	edəphou	edəphou	edəphou	edəphou	aphaŋalo	aphoŋ	aphaŋ	apaŋ; hiŋapaŋ	aphaŋ	hiŋaxiŋ	alaʔ	alak
broken	etʃõ	edʒok; dʒolek	tʃoda	dʒui	muduŋ; mutʃun	khana	khja	zekmaniʔ	dʒeʔboʔ	dʒekhan	tʃadoŋ	geɾloŋ	gedʒuide
broom	sasəraŋ	sasəraŋ	sasəraŋ	bigma	sasəraŋ; ebikma	tʃantʃiriŋ	tʃantʃiɾi	tʃantʃəɾi	tʃaɲtʃɾi	tʃaɲtʃɾi	lipakhoa	tʃhamtʃhaɾaŋ	tʃantʃəɾi
buffalo	ʃitʃik	sigik	sədʒik	ʃitʃik	sədʒik	zəge	zəge	dʒei	ze	ze	dʒei	bruŋ	bhuŋ
cabbage	marebui	kobi	kobi	kobikhubam	kobi	bandagobi	–	–	–	kobison	daŋdaŋkəre	–	–
candle	buematʃou	mumbati	botʃua	mumbati	mumbati	mumbati	mumbati	–	mumbati	mumbati	–	–	mumbati
cat	ɲijam	ɲem	ɲem	ɲem	ɲem	ɲəmbi	ɲəmbi	namby	namby	namby	namby	jaŋmu	ɲaŋbu
cauliflower	marəepuŋwa	kobibua	phulkobi	phulkobi	phulkobi	phulkobi	–	–	–	kobibabu	daŋaren	–	–
cheek	mədʒiamabau	mədʒiamabau	mədʒiamabau	mədʒiamabau	mədʒiamabau	dumpulok	tʃiphilok	mikiŋ	zykmĭkĭŋ	zyskŭk	dʒaphui	koptaŋ	d̪uŋpa
chicken	khe	khe	khe	kheiduə	kheiʔ	petʃha	petʃha	pə̆tʃe	pə̆tʃe	batʃe	batʃe	huki	wakhi
chin	ʃĕandəkhau	semtəkham	ʃĕandəkhau	semtəkham	semtəkham	gamdei	gamdei	tʃakho	gamthi	kamt̪i	nijokhu	kamduŋ	hiŋkuɾ
cloth	juŋ	juŋ	juŋ	juŋ	juŋ	joʔ	jo	joʔ	joʔ	joʔ	jo	wad	wad
clothing	juŋgəwa	juŋgu	juŋ	juŋdampha	jegua	joʔ	tʃhojo	joʔ	joʔ	joʔmuʔ	jadə	tuthuŋ	wad
cloud	skəmou	tʃakamaŋ; sĕkmou	skəmou	tʃakamaŋ	tʃakamaŋ	ʃuiŋti	sti	ʃuiŋti	synty	synty	synty	mŭkpa	toŋti
cockroach	sarigau	sarigau	sarigau	sarigau	sarigau	butʃuluŋ	butʃuluŋ	pitʃuruŋ	batʃɾuŋ	pătʃhuŋ	zaŋzikma	zulu	tʃhiʔduŋ
coconut (ripe)	naɾkol	naɾkol	naɾikol	naɾijal	naɾikol	naɾikol	–	–	–	naɾikol	naɾikol	–	–
cold	etʃai	etʃai	etʃai	tʃui	etʃui	atʃhan	atʃhan	rembe	ătʃeʔĕn	ɾamkhan	atʃen	utʃen	utʃen
cookedrice	mətʃije	mətʃije	mətʃije	mətʃere	mətʃije	ha	ha	he	tʃhuhe	hɛ	tʃhuhe	tʃhawa	hoi
corn	spou	spo	spõʔ	spou	ʃibo	phentaŋ	phentaŋ	mitʃi	pə̆tʃĩ	mitʃi	mitʃi	majʃəŋ	moʃop
cow	səuwa	suvəə	səbəvə	suvəə	ʃhua; suvəva	spu	spu	hu	hu	khu	ʃhu	ʃoi	ʃama
crocodile	khawai	khawai	khavoi	khawai	khawai	khodei	khodei	khuwa	–	–	khuwa	khudon	–
daughter	dimi	dimi; satəi	dimi	dəmi	dimi	dimi	dymy	dymy	dymy	dymy	dymy	damu	dʒŭmu
day	nai	nai	nai	nai	nai	nini	nini	nimijan	nimi	nimi	nani	namka	nemi
deep	dʒam	dʒam	betʃou	dʒam	dʒam	agi	agy	kampoŋ	dʒyɾui	adʒy	adʒi	dogaŋ	how̆dĕʔ
deer	dətʃhai	dətʃhai	dətʃhai	dətʃhai	dətʃhai	ski	ski	ski	sə̆ki	sikiʔ	ski	dʒaʃiki	dʒaʃiki
different	jojo	jo	jo	jo	jojo	sŭsu	sŭsu	age	age	age	age	sosoʔ	sŭsu
dog	tʃai	tʃoi	tʃi	tʃoi	tʃoi	betha	batha	pə̆the	pə̆the	bithɛ	batha	wathi	wathi
door	habiŋ	habiŋ	habiŋ	habiŋ	habiŋ	kau	kau; koh̥	ko	ko	ko	joŋko	kotam	kuthuŋ
dry	ekau	egau	egau	gou	nəgou	ʔoʔõ	ʔõː	iɾkõ	ʔoʔõ	ʔoʔõ	ʔoʔõ	aɹloŋ	war
duck	oso	ŋuso	oso	ŋuso	ũso	gelendi	hõ	gilendi	huhã; huhõ	huhõ	osa	gilendi	aŋso
dust	ɲijaphəla	ɲijaphəla	ɲijaphəla	ɲijaphəla	ɲijaphəlap	tʃaphulu	saplutuiba	duipoʔ	dŭjpo	tʃhaphuɾuh̥	dʒaphulu	duipa	ɲogma
ear	khõ	khõ	khõ	khõ	khõ	khutuŋtʃilak	gythyn	kə̆thyŋ	kə̆thyŋ	khutuŋ	gathuŋ	khutuŋ	khutuŋ
egg	khere	eri	khere	khere	khere	petʃhakhalum	ăjuŋ	pə̆tʃeuŋ	ăjuŋ	juŋ	ăjuŋ	hudʒoŋ	ʔogoŋ
eggplant	mantho	mantho	mantho	mantho	mantho	bantho	mantho	məthou	pə̆t̪ho	bot̪ho	mantho	bandu	banthu
eight	milija	milija	milija	milija	məlau	sardʒat	saɾgjat	saɾdʒe	saɾdʒeʔ	saɾtʃe	saɾdʒe	saɾgeʔ	saɾgeʔ
elbow	watʃrap	watʃpau; tʃapram	phrow	saphrom	patʃrom	ikli	ikli	ikli	ikri	ikri	jitʃri	tʃiʔ	hudʒulu
elderbrother (gen)	abua	abau; adam	abakhau	abam	adam	abukhau	abu	abe; ada	abeakhou	abe	ʔaja	ada	ada
eldersister (gen)	abua	bumuwa; mimuabau	abau	bəməkhou	bumukhou	anukhau	anukhau	ane	̆aɲeakho	ane	abə	au	ʔawu
elephant	ɲijathoŋ	ɲijathoŋ	ɲijathoŋ	nathoŋ	ɲijathoŋ	stoŋ	stoŋ	susanthou	susant̪hoŋ	susan̪t̪hoŋ	susant̪hoŋ	lamputʃhe	satʃila
eleven	sənatʃau	sənadʒe	sonatʃe	sənadʒe	sənadʒe	sahan	sahan	sõlahan	sõlahan	sõlahan	sõlahan	ʃamʃihin	ʃamʃihin
empty	sloi	sloi	sloi	sloi	esəloi	aruk	aruk	aruk	aruk	aɾuk	aruk	toŋpabe	toŋpa
evening	habitʃuaŋ	hadʒoŋ	habitʃuaŋ	hadʒoŋ	hadʒoŋ	ɲijo	ɲijo	tʃiniba	ɲŭjŏ	nojo	naphuŋ	nami	nami
eye	mijak	mijak	mijak	mije	mijak	khebi	khŭbi	khaʔby	khambyi	kamby	khabə	khum	khumu
face	midʒa	mizija	midʒa	mədʒia	mədʒija	doŋpu	bo	dʒuik	zyk	zyk	zyk	doŋpa	doʔ; doŋpa
far	ruaŋ	ruaŋ	ruaŋ	ruwaŋ	ruaŋ	atʃoʔ	okhjo	atʃoʔ	atʃho	atʃoʔ	atʃho	thaoriŋ	humaŭliŋ
fast	kəthau	tʃeŋ	dʒok	dʒok	ebi	ipsiŋba	atʃer	adʒoʔ	adʒoʔ	atʃher	adʒoʔ	pasa	ʃeʃaɾa
fat	eju	eju	eju	ejo	ejo	ajo	ajo	ajo	ăjo; ăjoʔ	ăjoʔ	ajo	tʃakpa	ăjo; ăjoʔ
fat	khəbup	baŋ	bou	baŋ	məbaŋ	adok	bokbok	adoʔ	biŋtʃen	adoʔ	aduk	dʒajakpa	elaŋ
father	aphua	aphua	aphua	ap; aphu	aphua	atʃi	ăbo	abou	ăbo	abo	abo	apa	aba
few	mədətua	ədʒa; uidʒa	mədətua	uidʒa	iu	laŋan	alaŋ	atʃedo	ătʃen	atʃedo	atʃedo	halamhim	daudin
finger	bijaŋ	bijaŋ	bijaŋ	watduweʔ	mabijaŋ	iksabo	iktʃi	burom	iktʃŭdo	ʔiʔpɾomu	ikadu	brama	husada
fingernail	pətʃijat	bəsen	bəsen	pə̆sen	pəʃen	iktʃiŋ	iktʃiŋ	ikʃiŋ	ikʃiŋ	iktʃiŋ	iktʃiŋ	hutʃhuŋ	hutʃiŋ
fire	boe	boe	boe	bai	boe	ba	ba	be	beʔ	be	ba	bei	bei
fish	ũa	uŋa	ũa	ũa	uŋə̃	ɲiu	ɲu	nuŋ	nuŋ	nuŋ	nuŋ	ŋa	ŋa
five	kuwa	guwe	guwa	uwe	gu	khu	khu	khu	khu	khu	khu	kha	kha
flower	ebũa	bua; ebua	ebũa	humbua	ɲinbua	minto	mint̪u	mint̪u	mint̪u	babu	hẽaraŋ	mentoʔ	mĭnto
fly	mədʒo	mədʒo	mədʒo	madʒoumue	mədʒau	bitʃiŋ	bitʃiŋ	pə̆tʃi	tʃăpim	tʃăpim	tʃăpim	phu	phu
foot	lue	lei; lue	loe	lai	lai	laʔ	latʃapar	le	le	leh̥par	latʃoŋ	lai	lei
four	ri	vi	vi	vi	vi	bə̆si	bə̆si	pʃi	psi	psi	psi	psi	phəhi
friend (male)	etʃak	izaʔ	egau	eza	edʒia	ɾok	ɾok	khunuŋ	khə̆nŭŋ	khunuŋ	ɾok	loʔ	loʔ
frog	rap	rak; rap	rak	rutʃua	ɹusua	paipu	ɾikə̆tu	ɾiktu	ɾĭtːu	ɾiktu	rutu	duŋdaʔ	duŋta
fruit	evoi	evoi	evoi	voi	evoi	melaŋ	malaŋ	avə	ăjuŋ	milaŋ	hiŋava	uʃu	uʃu
full	elija	lei	lija	lei	elei	phiŋba	phiŋba	aphiŋ	aphiŋ	tʃhuʔuɾuwa	aphiŋ	psiŋdeʔ	ʃiŋde
garlic	tʃuŋ	muaŋ	muaŋ	muaŋ	muaŋ	moŋsiŋ	moŋsiŋ	məsiŋ	moŋ; moŋtʃu	maŋtʃhy	maʃiŋ	ɾə̆ʃu	maŋ
goat	spin	spin	spin	spin	spin	ze	zyi	ziŋ	zyi	dʒy	sətʃe	ʃeɾa	sala
gold	san	san	san	san	san	sin	sin	ser	seɾ	ser	ser	ser	ser
good	vije	vije	vije	vije	vije	adʒap	adʒap	adʒap	adʒap	adʒak	adʒa	udʒo	nakpa
green	erije	ere; re	erije	ere; re	ere	oho	oho	oho	ʔŏho	ʔŏho	oho	jaŋ	ʔijaŋ
hair	khazijau	khazijaŋ	khazijaŋ	khazijaŋ	khazijaŋ	gə̆zaŋ	gə̆zaŋ	kə̆zaŋ	gə̆zaŋ	gidʒan	gə̆zaŋ	khuʃaŋ	khsaŋ
hammer	tʃapau	dʒabau	dʒabau	dʒabu	dʒabam	toŋ	thuŋ	–	thuŋ	hambaɾ	thuŋ	–	toŋ
hand	wat	wat	wat	wat	wat	ik	ik	ik	ik	ik	ik	hut	hu
head	kijatuŋ	khɾuk	khɾuk	khɾuk	khɾuk	kektoŋ	khɾuk	khruʔ	khɾuk	khɾuʔ	mathaŋ	khloʔ	kholo
heart (organ)	eləbau	eləbau	eləbau	ləbuʔ	ləbəu	suluŋ	syluŋ	syləŋ	syluŋ	suluŋ	ʃiloŋ	luŋthaʔ	luŋthaʔ
heavy	elai	lai	lai	lai	elai	alitʃaŋ	ali	ali	ali	ali	ali	uli	uli
horn (ofbuffalo)	erijok	erijaŋ	erijaŋ	erijaŋ	erijaŋ	kheŋ	kheŋ	tʃaŋ	tʃeŋ	tʃeŋ	tʃaŋ	khiaŋ	kheŋ
hot	etʃek; eluŋ	tʃep	etʃek	etʃek	lua	ătʃik	ătʃik	atʃi	ătʃik	ătʃik	atʃi	utʃi	utʃi
house	hõ	hõ	hõ	hõ	hõ	jam	jam	jam	jam	jam	jam	wam	wam
houselizard (gecko)	səkimatʃoŋ	səkimatʃoŋ	baphijaŋ	pharbuwaŋ	–	tʃamtʃi	tʃamtʃi	tʃikpaphi	–	–	–	dontʃiktʃikpa	–
howmany	khemotʃia	khemo	khemodʒa	khama	khemo	napan	jepaja	thokʃuaŋ	mipheːn	botuana	nepha	abehiŋ	ʔaphin
hundred	vijamtʃa	vijaŋdʒa	vem	vindʒe	vindʒe	dʒan	dʒoai	dʒoan	dʒowan	dʒowan	dʒohen	dʒehin	dʒahin
hungry	tʃii	tʃii	tʃii	ʃii	tʃii	hõ	khuŋba	hetʃuŋni	hekũŋ boʔ	khuŋba	akhuŋ	khamde	khamde
husband	aje	ge	age	ɲige	ge	aja	ʔăja	dʒuhu	aje	aje	aja	oʔi	zofa
insect	pə̆tʃoo	pə̆sija	bĕtʃoo	bĕtʃoo	bĕtʃoo	phi	phy	phy	saŋdʒoʔ	–	phu	khroŋtʃuŋ	phu
jackfruit	jabuk	kotal	kotal	brokothali	kotal	barmemulaŋ							
knee	lakijuŋ	ləspau	ləspau	lagijoŋ	lagijoŋ	klokpu	niphik	lipikhom	lapikhom	lapikhom	japikra	kolokpa	leiklopa
knife (tocutmeat)	metəkhui	məkhui	mədəkhui	məkhui	mədəkhui	bra	bra	handudu	handudu	handu	handudu	baɾi	bali
leaf	rap	rap	erap	rap	rap	alap	alap	arap	aɾap	arap	luala	ulaʔ	ulap
left	phavik	phavik	phavik	hazoi	phavik	mikheto	mekhe	ehe	tʃoʔ	hetan	axe	tʃoita	ɲimlakpa
light (notheavy)	thou	thou	tho	thou	nəthou	aruŋdu	ɾuŋ	aruŋdu	ăɾuŋd̪oʔ	ăɾuŋd̪oʔ	aruŋdu	jaŋpu	jaŋʃo
lightning	halijaʔ	hakhəlam	halijaʔ	halijaʔ	haliwau	nimibatapa	nymybatapa	namtaʔbu	tʃhuŋba	nymybæh̥	bhaʔ	bruʔ	namkliŋ
lime (forbetelnut)	tʃun	tʃhun; tʃun	tʃun	tʃun	tʃun	tʃun	tʃhin; tʃun	–	–	tʃon; tʃun	tʃhin; tʃun	–	–
liquor	phua	phua	phua	phua	phua	phak	phak	pha	phak	pha	phak	phaʔ	phak
long	ephijam	phijaŋ	phijaŋ	phijaŋ	ephijam	aɾeŋ	araŋ	araŋ	araŋ	aɾeŋ	aɾeŋ	uriŋ	uliŋ
man	bəfəə	bəfəə	bəfəə	bran	bran	dʒihu	dʒiriŋ	dʒiriŋ	dʒĭɾiŋ	dʒiriŋ	dʒuhu	pədəŋ	bŭd̪ŭn
mango							am	–; am	–; am	am	am	–; am	–; am
many	mənau	badʒa; pamei	bame	mənau	badʒo; məno	dʒeptʃaŋ	amat; dʒepo	ajaŋ	jymoʔ	jumoʔ	ame	juɾ	meka
meat	epije	ebije	epije	məbi	ebei	su	su	ʃaʔ	suʔ	suʔ	su	ʃia	ʃaʔ
medicine	mo	dawa; mo	mo	dawa	dawa	man	man	man	man	man	men	man	pen
milk	ɲeo	niw	ɲeo	dut	niw	ɲuŋ	ɲiŋ	niuŋ	ɲyn	ɲyn	ɲiŋ	nuʔ	ɲju
monkey	stuŋ	stuŋ	stuŋ	stuŋ	ʃəduŋ	dʒuduŋ	dʒuduŋ	zuduŋ	zuduŋ	dʒutuŋ	dʒuduŋ	ʃedom	hiŋtʃaŋdakpu
month	habije	habije	habije	habije	habije	namlu	namblu	nambluaŋ	nambruwan	nambɾu	nambluhen	namlahin	namba
moon	habije	habije	habije	habije	habije	namlu	namblu	namluʔ	nambru	nambru	namblu	atnamba	namba
morning	hamijaŋ	hamijaŋ	hamijaŋ	hamijaŋ	hamijaŋ	niru	nuru	nuru	nuru	nuru	jokpho	namsaŋ	namsaŋ
mosquito	tʃikitʃoŋ	tʃikitʃoŋ	tʃikitʃoŋ	mədʒou	tʃikdʒoŋ	kroŋtʃuŋ	kroŋtʃuŋ	tampi	tʃapimdʒoŋ	matʃhaɾ	timpuladʒo	kroŋtʃu	koŋtʃuŋ
mother	amua	amua	amua	amu	amua	amu	ami; amu	ămuʔ	ămuʔ	amu	amo	ama	ama
mountain	pham	phuŋ	pham	phaŋ	phaŋ	lu	lu	lu	ɾiwo	luh̥	lu	ʃaʔ	ligɔŋ
mouth	ʃijam	sem	sphun	sem	sem	natʃau	natʃau	tʃho	tʃutʃo	tʃotʃo	ditʃe	khotʃu	hotʃok
mud	khaʃoŋ; kalija	ɲijakləja	ɲijakhərə	kalija	khale	gotʃuŋ	gutʃuŋ	kutʃuŋ	kə̆tʃuŋ	kutʃuŋ	gatʃi	khatʃham	khatʃam
name	ebeŋ	ebeŋ	ebeŋ	ebeŋ; mbeŋ	ebeŋ	ădʒeŋ	adʒen	adʒen	ădʒeŋ	adʒen	ădʒeŋ	biŋ	biŋ
narrow	khərok	nəkhok	dəəm	dətʃoi	ekhok	atʃaŋdu	atʃap	at̪uŋdu	phɾutʃoŋd̪oʔ	tʃhaŋdoʔasoʔ	gətʃe	phaɾakat̪i	ʃada
near	enui	noi	noi	noi	anoi; atʃua	kapdul	ana	anedu	aɲedo	aneduʔ	aɾeŋ	teapkho	hantaŋ
neck	japu	ejua	ejua	jua	jua	orutuŋ	thuŋtʃe	rutuŋ	phə̆t̪uŋ	bəthuŋ	dro	hendoŋ	hiŋthoŋ
needle	simen	simen	simen	simen	simen	phli	phĭli	phĭli	phiʔ	phi	phĭli	psi	psi
new	evoŋ	ewã	ovou	mvəo	evo	ohan	afan	afan	ăhan	ăhan	afan	okhon	ʔohan
night	hatu	habiu	habiu	habiu	habiu	ɲijoɲijo	nuphu	nŭpʃaŋ	nophuŋ	nophuŋ	najoatʃhi	nambõŋ	næmi; namphoŋ
nine	deke	dəkhy	deke	thəkhei	deke	dikhi	dəkhy	thekiui	theky	theky	dəkhy	t̪hikhu	t̪hikhu
noon	haŋlituwa	hanai	ləthuŋa	hanai	luthua	hatõ	hatomo	hatãu	hatãu	hatõ	gajotan	bətʃan	namka
nose	ephuŋ	ephuŋ	ephuŋ	ephuŋ	ephuŋ	nophuŋ	nophuŋ	aphuŋ	mə̆phuŋ	maphuŋ	nophuŋ	heŋphoŋ	hempoŋ
oil	thou	tel	tələjə	ləfəfə	thel	tho	tho	thou	thou	tho	tal	num	num
old	ehek	ehek	ehe	ehek	ehek	aman	aman	atʃan	omen	aman	omen	omen	omen
one	tʃo	dʒijo	dʒijo	dʒe	dʒe	han	han	han	han	hanan	han	hin	hin
onion	mũak; tʃoŋ	dʒon	tʃoŋ	pjas; tʃoŋ	pias; tʃoŋ	tʃoŋ	tʃoŋ	–	moŋtʃi	maŋtʃhy	maʃiŋ	tʃoŋ	tʃoŋ
paddyrice	niʃik	niʃik; ŋiŋgausik	ŋijan	ŋiŋ	ŋijan	nisːe	nisːe	tʃuaʔri	tʃhuăse	tʃhu	tʃhu	niʃə̆liaʔ	niʃik
palm	pri	watphje	viphijaŋ	watbijaŋ	viphijaŋ; akham	iktʃapar	iktʃapar	ikthuŋ	ikpaɾ	ikpaɾ	ikthuŋ	hutphara	huphala
paper	suʔ	ʃijok	suʔ	seu	ʃo; ʃijok	sigi	sygy	sygi	sə̆ga	sygy	ʃo	ʃigu	ʃigu
path	ləua	luməa	ləua	ləmuthuaʔ	ləmuaʃija	ləmu	nə̆mu	lym	lym	lymtʃand̪oʔ	ham	huma	huma
peanut	badam	badam	badam	badam	badam	badam	badam	–	badam	badam	badam	badam	maŋkha
person	bran	bran	bran	–	tharathamaŋ	dʒiɾiŋ	dʒiɾiŋ	hando	athek	hanendoʔ	–	maŋma	bŭdihin
pig	wok	ʋo	evoʔ	vok	vok	swaʔ	swaʔ	swaʔ	sŭwaʔ; suwak	suwak	suwak	ʃiabaʔ	ʃaba
pillow	tharo	tharo	tharo	tharo	tharo	skom	skom	saŋkhom	saŋkhom	saŋkhom	saŋkhom	khukhum	khumu
potato	mətʃəu	mətʃə	maŋtʃə	madʒie	madʒua	dʒu	dʒu	dʒu	dʒu	dʒu	lasadʒu	tʃəktaŋ	dʒatumplu
rabbit	truk	kaɾgos	truk	kaɾgos	səli	stoptʃaŋkha	khoha	–	–	kaɾgos	–	–	–
rain	haphije	haphije	haphije	haphije	haphije	nimi	nymy	nytʃu	pə̆tʃuh̥	bətʃhuh̥	n̪atʃu	namu	namu
rainbow	pharaŋphakhuwak; saraŋmokhuwaŋ	saraŋmokhuwaŋ	pharamphakhuŋ	saraŋbakhuwaŋ	ʃirbakhuwaŋ	phaŋmenlu	phankluŋ	phaŋlu	phaŋɾuŋ	phaŋɾo	pahu	tholiŋ	thuŋliŋ
rat	thuŋ	thuŋ	thuŋ	thuŋ	thuŋ	stop	stop	stop	stăp	sə̆top	sə̆thə	sămtu	sămtu
red	eʃek	eʃaik; ʃeik	eʃaik	ʃei	eʃaik	ehek	ehek	ehek	ʔĕhĕʔ	ehek	ehek	oɾkhejaʔ	ʔĕhĕʔ
redpepper	tʃalijau	tʃalau; tʃalem	tʃalijau	dʒalim	tʃalem	moŋ	moŋ	mu	moŋ	moŋ	moŋ	solu	solo
right	phazui	phozoi	phozoi	havik	phazui	atʃoto	atʃho	atʃou	heʔ	atʃho	atʃho	thita	huʃu
ring (onfinger)	kəna	gənat	gənat	gənat	gənat	istop	tʃodop	tʃidop	tʃidop	kid̪op	gilan	tʃedum	tʃajduʔ
ripe	emeŋ	dʒum; men	emijan	emen	emeŋ	juŋkhan	juŋba	henĭbe	dʒuŋbo	dʒuŋkaŋ	juŋpə̆hu	hijaʔdeʔ	dʒomde
river	khoɲoi	kaʃat	kho	kaʃat	khamua	kho	tuŋkhan	dʒankou	bədʒaŋkho	khujoʔ	gafũ	maŋkou	khuma
road	ləmua	ləmua	ləmua	ləmua	ləmua	ləmu	ali	lym	gaɾilym	lymădoʔ	gaɾilym	huma	huma
roof	məkau	məkau	sabakhuŋ	situwaŋ	saphuje	jamkhumu	jamnakpa	tampe	jamtʃŭŋ	khajap	jamtʃŭŋ	wamtʃa	wamtʃa
root	eraŋ	eraŋ	eraŋ	eraŋ	eraŋ	rabo	ʔihi	ahi	ʔĭhĩ	ʔihi	dik	rawaʔ	lej
rotten (fruit)	eʃuŋ	ʃoŋ	eʃuŋ	eʃuŋ	eʃuŋ	barokhan	–	hũlũbe	–	anuŋ	gafuŋ	ɲaŋoŋloŋ	–
salt	suruwa	surəja	suruwa	suɹe	suruwa	huŋ	hu	huŋ	huŋ	huŋ	hɨ̃	ha	ha
same	õ	õ	õ	õ	ŏdʒe	adu	hando	handou	ăt̪ːu	hanandoʔ	ăt̪ːu	tʃikdabe	mahinden
sand	bali	bali	bali	bali	bali	betʃo	mukho	pho	khŭbo	khobo	gəpha	besa	betʃa
sea	tʃumoŋkhou; kharuwai	khobu; təpməkhən	stau	–	khamua	dʒamtʃutʃetmo	thozamtʃuʃinmu	laʔto	–	khokhaŋkheh̥	digiŋhu	tʃumkhuki	–
seed	erai	erai	erai	rii	murui	ăli	ăli	ari	ăli	ăli; ari	ăli	li	li
seven	mə̆lija	mə̆lija	mə̆lija	mə̆lija	mə̆lija	sik	sik	siʔ	sik	sik	sik	his	ʃis
shallow	etʃau	nətʃeja	lakhuŋ	tʃeja	etʃau	agiboo	atʃapdu	aɾtʃadu	ătʃŭŋ	tʃhaŋdo	aɾtʃadu	tatabe	huʔpan
short (length)	edəm	dum	dəm	dum	eduŋ	athuŋdu	ăthoŋ	tʃekmo	ăthoŋ	tʃoŋdo	athuŋdu	khanda	tʃuŋtso
silver	laman	laman	laman	laman	laman	niŋ	ɲiŋ	niŋ	niŋ	niŋ	niŋ	ŋui	ŋui
six	rap	rap	rap	rak	rap	tʃuk	khyt	tʃy	tʃyk	tʃhyk	tʃy	tʃyk	tʃhuʔ
skin	ekhuk	ekhuk	ekhuk	ekhuk	ekhuk	skuk	skuk	skup	skuk	səkuʔ	skuk	ʃakho	ʃakho
sky	hamaŋ	hamaŋ	hamaŋ	hamaŋ	hamaŋ	nimituk	nymythik	nymy	nymy	nymy	namy	namduŋ	namtuŋ
slow	ɹasija	ɹasija	ɹasija	ɹasija	ɹasei	anodu	anodu	anoːdu	noʔd̪uʔ	noʔd̪uʔ	nadu	hasta	hasta
small	ejuŋ	ejuŋ	ẽeu	ejuŋ	iu	atʃan	atʃandu	adʒendo	tʃoŋd̪oʔ	tʃoŋd̪oʔ	adʒendo	kati	ʃadaʔ
smoke	bukhu	bamkham	boekhau	baiŋkham	boemokhəm	baky	baky	baky	baky	bakhy	bakhy	bukhu	bukhu
snake	phau	pam	phau	pam	pam	bə̆tʃam	patʃam	pĕtʃam	pə̆tʃam	batʃham	batʃham	phŭlu	phŭlu
soil/ground	ɲijaʔ	suʔ	ɲijaʔ	ɲijaʔ	ɲijaʔ	atuŋ	so	soʔ	soːh̥	soh̥	sa	saʔ	sa
some	jeuʔtʃa	mididʒa	mədətua	uidʒa	ɲabutu	munijanijaŋ	sydwĕ	ajaŋsoʔ	atʃeʔen	muʔ	melate	abelise	azalisi
son	dəfua	dəfua	dəfua	dəfua	dəfua	du	du	adu	ăd̪u	adu	adu	tʃaʔla	kutʃhi
sour	etʃiŋ	tʃuŋ	tʃuŋ	tʃuŋ	etʃiŋ	kheti	kheti	tʃebe	tʃĩti	tʃakwa	batʃi	tʃumteʔ	tʃumpa
spear	tʃijoŋ	dʒoŋ	tʃijoŋ	tʃijoŋ	dʒijoŋ	dʒoŋ	zat̪i	dʒuŋ	dʒoŋ	dʒoŋ	ʃei	–	tiŋkaŋ
spicy,hot	ra	rau	etʃək	rau	etʃək	moŋba	moŋba	hoʔbe	hobo	hoba	jopũ	jeideʔ	jeideʔ
spider	raguŋ	raguŋ	raguŋ	raguŋʃejam	raguŋ	treʃum	preʃuŋ	phy	nant̪ɾisaŋsoŋ	phyadok	nant̪ɾisaŋsoŋ	phusaŋgumbu	saŋkopa
spoon (foreating)	tʃap	dʒap	dʒap	dau	dʒap	sko	sə̆ko	tʃaŋkhu	tʃaŋkho	tʃaŋkho	tʃikholo	tʃhoi	tʃhobi
star	satijoŋ	tadijaŋ	sadijoŋ	ladijaŋ	tadijaŋ	tʃudʒuk	zək	tʃydʒy	tʃynzək	tʃundʒək	dydʒy̆k	karma	karma
stone	labau	labau	labau	labau	lubu	luŋ	lyŋ	ruŋ	ɾ̆uiŋ	ɾyŋ	luŋ	luŋ	luŋ
sugarcane	nəŋə	nəa	nəŋə	nəa	nəa	mitʃi	mitʃi	mitʃiry	phə̆tʃiʔ	mitʃhi	mitʃhi	mə̆dʒu	tʃulamidʒu
sun	haneiŋ	hanai	hanai	hanai	hanai	nini	n̪ini	nimiʔ	nimi	nimi	n̪ani	nami	nami
sweat	haniju	haniju	haniju	haniwa	haniwa	ŋoiphi	gətʃhik	khotʃhikbu	kutʃikbo	khotʃipu	nakhã	namtʃhanami	namliŋ
sweet	phijaŋ	phijaŋ	phijam	phijaŋ	phijaŋ	atʃi	atʃi	tʃĕbeʔ	ʔatʃĩ	aboɾo	abələatʃi	tʃiɾi	ʔobida
tail	eɲoi	eɲoi	eɲoi	eɲoi	eɲoi	aɲa	aɲa	ane	ăne	ane	ana	nui	ɲuj
ten	sũ	suã	suŋa	suã	suwa	sõ	sõ	sou	sõ	sõ	sõ	ʃan	ʃan
thatthing	throŋphomono	throŋphomono	throŋdʒa	thibamigijaŋ	thedʒi	thaŋai	tethigo	odʒetʃalodʒe	thaŋɾoʔ	thuwetʃalo	tibadʒi	ot̪hijaʔma	teita
thesethings	zaphomono	hithebomono	hithəə	hephamənothe	hithəə	thithai	twagi	athoumdʒyŋ	thɾuŋthaŋ	thaʔetʃalo	athun	utʃimagaŋpu	ʔŭtʃigaŋga
thin	khətʃek	khijan	kətʃen	sinija	kherijaŋ	reŋkoŋ	kreŋkreŋ	aʃuŋ	tʃoŋd̪oʔ	tʃoŋd̪oʔ	adʒadu	kempa	ʃaladin
thirsty	khanahou	khanahaŋ	kanehoŋ	khanaŋraŋ	khahənaŋ	hoɲijo	ɲuba	hekuŋba	juŋboʔ	juŋba	khajuŋ	tʃhoŋ	jaŋde
thisthing	heiphomono	heiphomono; mənohi	ehihi	heiphomono	dʒije	othai	thua	othatʃalo	təkə	thaʔetʃalo	thadʒi	otʃima	ʔŭtʃhi
thorn	ekeu	məgəm; migeu	egeu	məthau	məgəm	bədʒau	bazau	bədʒo	tʃekaŋ	bədʒo; tʃekaŋ	bədʒo	phizoʔ	phedʒok
thosethings	khetmono	thedʒibomono	dʒidʒaithə	dʒaphaməgijaŋ	theizap	thutai	tethitigːe	othaimagaŋpu	ăthek	thuwetʃalo	thivathun	othaimagaŋpu	teitagaŋga
thousand	jamsua	hazardʒa	hazar	hazardʒa	hazardʒa	hazar	dʒosoŋ	toŋtoan	t̪oŋt̪oʔwan	t̪oŋt̪oʔwan	toŋtʃahen	traŋtahin	toŋta
thread	məraŋ	məraŋ	məraŋ	məraŋ	məraŋ	haŋ	haŋ	haŋ	haŋ	haŋ	haŋ	hauŋ	hwaŋ
three	əm	um	um	um	um	uŋ	uŋ	um	ʔuŋ	ʔuŋ	um	om	ʔum
thunder	haklam	haklam	haklam	haklam	hakhəlaŋ	nimibatapa	nymyhikpa	nymihikbu	nămtʃɾe	draŋdruŋ	namynatʃha	dirteʔ	namtuŋlimde
tiger	matʃuwa	mətʃua	matʃuwa	mətʃua	batʃaeŋ; matʃuwa	phõ	phuŋ	phuŋ	phuŋ	phuŋ	phuŋ	laptʃa	phujam
tobite	khrik; nik	thokpha	thokmage	tʃipha	thokpha	remmo	kumo	dʒekahuʔ	zĕgboʔ	zima	kaʔkhen	zaʔdeʔ	zegde
toboil (water)	tʃija	tʃaupha	lomage	katʃek	khatʃiau	khoatʃik	kotʃikmo	gutʃeʔmuʔ	hetʃobo	thyma	kotʃikmo	tʃhoude	tʃəʔde
toburn	hau	fũppha	ʃuit	dʒijopha	fupha	batʃamo	ɾimo	bedʒikmo	bhiboʔ	bima	ɾimo	dide	dima
tobuy	phek	pheiʔpha	phek	phek	phek	tʃhamo	tʃhamo	ʃone	tʃeboʔ	tʃema	tʃema	ʃeide	ʃeide
tocome	tən	thavəə	thavəə	thavəə	gunpha	rantʃeŋ	ago	kheɾnim	ʔoŋgo	ʔoŋniba	uŋgei	luŋdeʔ	dʒa
tocook	ta	dauapha	mətʃəremage	dau	dau	raʔmo	raʔmo	heɾaʔmuʔ	heɾaʔbo	tʃema	tʃureʔme	tʃhodma	tʃakma
tocry	tʃo	tʃoapha	tʃomage	tʃoapha	tʃo	khija	khekhan	tʃeibaʔ	tʃeʔbo	tʃema	tʃei	khikma	khibʔde
tocutsomething	tʃei; roŋ	tʃeipha	tʃei	tʃeipha	tʃei	tʃekmo	phaŋmo; tʃegmo	raʔmu	tʃegboʔ	tʃegmo	thai	dapde	dapde
todance	ʃu	ʃiupha	ʃumage	ʃiupha	kasiu	sumo	sumo	t̪eimu	tʃamposuboʔ	ʃuba	sumo; t̪eimu	lindeʔ	limda
today	sto	sto	sto	sto	sto	thulu	thulu	tru	thŭɾu	thŭɾu	thalu	thala	thala
todie	ii	ipha	ida	idən	idun	ʔimo	ʔimo	imale	ʔimale	ʔoʔma	idoŋ	iloŋ	ʔide
todo/make	ret	reʔpha	retmage	reipha	ɾappha	ɾamo	ɾamo	dʒureʔdaraʔhu	ɾad̪bo	ɾaʔəm	jame	ledeʔ	–
todream	epoŋ	ebaŋbaŋ	eboboŋmage	məbaŋ	ebaŋ	baŋ	banbanbo	bambambe	banbanbo	banbanba	bambambe	deŋkhaŋaideʔ	benkhaŋaida
todrink	ŋaŋ	ŋaŋpha	khoŋaŋ	ŋaŋpha	ŋaŋ	liŋmo	liŋmo	liŋmu	kholiŋboʔ	liŋma	liŋma	ɲiuŋdeʔ	ɲuŋma
toeat	tʃije	tʃepha	mətʃitʃimage	tʃipha	tʃije	tʃumo	tʃumo	he	hetʃŭbo	tʃhuma	hetʃŭbo	tʃhadiʔ	tʃaba
toenter	tətʃou	khutpha	ələmage	ləŋvəə	alamduŋ; atʃauduŋ	naŋmo	ɲanmo	ãŋ go	phepsuo	aliŋoŋma	jaluŋuŋge	naŋkhowama	humaʒa
tofly	khei	khei	khemage	kheŋpha	kheipha	tʃanmo	tʃhanmo	tʃenɾoba	tʃankhan	tʃhanba	tʃen	ʃeroŋde	ʃerbaʔ
toforget	pija	bijapha	bijẽ	bijadan	bijẽ	graŋdʒokplakpo	phlokmo	phalakmani	phɾagbo	phɾakba	phalakmani	ŋaʔdade	kaɲdʒipha
togive	phi	phipha	phimage	phipha	phi	tʃhimo	tʃhimo	tʃimamo	tʃhibo	tʃhimo	tʃimamo	ʃima	ʃima
togo	vəwa	thevəə	lua	dun	vəopha	oŋtʃeŋ	ʔoŋmo	ɾum	ʔoŋboʔ	oŋba	ʔoŋmo	uŋdeʔ	uŋdeʔ
tohate	lizijak	snoipha; arajoŋ	arəkjaŋ	arakmajaŋ	ɹidʒek	bedʒapa	blaɲuba	hæn	ănuŋtiŋbo	păsaŋni	ləŋzi	dujaŋbaŋ	gadʒanbagaba
tohear	nũa	joipha	nuwamage	nuapha	joi	numo	joʔmoʔ	joʔba	nŭŋmoʔ	nuŋma	nuŋma	hama	hama
tokick	loekoŋ	lagoŋ	koŋmage	koŋmage	laigoŋ	lakhi	lakhy	latsuiɾaʔkhum	latʃuiɾaʔbo	latʃuɾaba	latʃui	toŋmoŋtama	litomda
tokill	ua	uapha	wamage	uapha	ua	atomo	ʔomo	ʔomamo	ʔomaɾe	yma	ʔomo	ʔide	aʔdama
toknow	ĩt	thejakpha	thekmage	itphat	itpha	d̪anmo	d̪anmo	godem	d̪anbo	d̪enma	deʔme	itʃeʔ	d̪enma
tolaugh	tʃijo	ʃijaʔ	tʃijo	seʔ	ʃeʔpha	zamo	zamo	dʒeimuʔ	zemo	zema	dʒeimuʔ	dʒiadeʔ	zeida
tolie,fib	kləlaja	klam	klau	klam	khəlam	ste	stegõmo	stegoŋbe	stegõmo	st̪eʔgomba	stegoŋbe	zaʔlede	haɾdʒa
tolift	tʃaŋ	tʃaŋpha	tʃanmage	tʃaŋpha	tʃaŋ	khaŋmo	dʒuŋmo; khaŋmo	daʔmuʔ	dʒuŋboʔ	loʔma	tʃame	khaŋde	dʒuŋma
tolove	izakhə	pəʃunpha	vijerat	bəʃunrepha	inza	adʒap	snule	bĭlajuŋne	saŋbo	saŋba	saŋba	gadi	gade
tomorrow	thimijak	thimijaŋ	thimijaŋ	pəthou	thimijaŋ	masaŋ	basaŋ	luŋlu	phsaŋ	pə̆saŋ	lanʔlu	muŋkha	muŋkha
tongue	ri	ri	iri	ri	ri	la	lapho	le	le	lɛ	la	loi	loi
tooth	ʃinijat	ʃinijat	ʃiniŋ	ʃiniŋ	ʃiniŋ	nuthuŋ	toktʃe	nithiŋ	pətyn	butuŋ	nithiŋ	hintuŋ	ʃiŋtuŋ
toplay	prui	brui	bruimage	bruipha	bruipha	loʔmo	loʔmo	janlamu	jeŋbo	jəmba	loʔmo	leide	leide
topull	ɹii	ɹiipha	ɹimage	ɹiipha	ɹii	kheŋmo	kheŋmo	taʔgimu	tʃeŋboʔ	tʃeŋbaʔ	tʃeŋbaʔ	kheŋde	kheŋma
topush	reŋ	reŋpha	ɹiŋmage	reŋpha	reŋ	rimo	rimo	rumamu	ɾyboʔ	ɾyma	rimo	dudeʔ	duama
torest	thum	thuŋ	thuŋmage	thuŋmu	thuŋmage	thuŋmo	thuŋmo	atʃolumu	tʃalomo	tʃoŋloma	thuŋmo	ʃiʃoʔlama	tʃoʔlama
tosee	rək	rəg	rəkmage	rekpha	rək	lanmo	lanmo	adʒelaimu	læmboʔ	lema	lema	daima	duima
tosell	tʃoŋret	leupha; tʃoŋrepha	leu	liupha	liu	tʃomɾemo	tʃhoŋdamo	tʃomɾemo	tʃoŋɾagboʔ	tʃoŋɾama	tʃoŋɾama	tʃoŋiede	ʔoŋthama
tosew	phijok	phjokpha	phijukamage	phjokpha	phijok	tʃakmo	tʃagmo	jotʃĭmo	tʃiboʔ	tʃima	tʃagmo	ʃiŋde	ʃiŋdi
tosing	bue	baipha	ebubue	mə̆bai	bue	tamo	tamo	hũŋ tămu	huʔniboʔ	nima	tamo	teideʔ	teideʔ; teima
tosit	tuk	duk	dukma	dəkmu	dukmage	duŋmo	dymoʔ	dymuʔ	dymo	dymba	deiŋma	duŋdʒuma	dʒuʔ; dʒuma
tosleep	mijen	mijanpha	mijenmage	men	menpha	dʒiŋmo	dʒiŋmo	dʒinmaɾmu	dʒiŋbo	dʒiŋma	dʒiŋma	mindeʔ	minma
tospeak	je	jepha	jemage	sipha	jopha	somo	amo; somo	anahu	ænmoʔ	amma	amo	poŋpoŋlede	ʔinma
tostand	rio	rio	rioma	dʒoi	dʒaimage	khimu	khimo	tʃeimuʔ	joʔtʃibo	tʃiba	tʃima	khiŋgide	khiŋma
tosteal	məgəgau	məgəgoupha	gau	məkəkou	məgəgau	jaumo	jaumo	jone	jobo	juma	dʒojo	bigulede	ŭma
toswim	phat	phat	phakmage	phatpha	phat	khopaŋpiŋ	ikɲiŋmo	khophikhuʔ	kohaʔbo	menma	khophu	tʃelema	gaŋpaliʒa
totake	ɹije	ɹeipha	tharijamage	jepha	lije	tʃhumo	tʃhumo	tʃune	tʃhubo	tʃhuma	tʃhumo	haɲi	laba
totakebath	ʃausut	sutpha	ʃut	sutpha	ʃut	khruktʃemo	sawtʃhemo	aʃomemo	soxotʃiboʔ	sokhomenmo	sawtʃhemo	dusputʃhuɾde	tʃhima
totell	muuja	jepha	jemage	joupha	sipha	amo	antʃema	joŋlutʃibaʔ	anboʔ	d̪ygma	soʔme	indeʔ	ʔinsma
tothrow	fijan	phenpha	fijenmage	fen	phenpha	termo	moʔmo; termo	theimamu	moboʔ	mobaʔ	tyme	tosadeʔ	tosama
totie	phoŋ	dʒoipha	phoŋmage	dʒoipha	dʒoi	hakmo	hogmo	phomu	hakboʔ	phoma	hogmo	waʔdeʔ	duŋma
towait	khan	khanpha	khanmage	khanpha	khan	dʒakmo	dʒakmo	dʒaknidʒomuʔ	dʒaʔbo	dʒaʔma	laŋdʒuime	dʒaʔma	laŋma
towalk	lua	lua	luamage	lua	luapha	ɾomo	ɾomo	tʃouʔ	ʔoʔkhaŋ	ɾoba	ɾome	wama	maɲu
towash	tʃau	sutpha	tʃomage	satpha	tʃam	tʃhemo	tʃhemo	jokhotʃimo	jotʃimo	tʃhyma	tʃhyma	tʃhide	tʃhide
toweave (onloom)	rok	rokpha	rokmage	rokpha	məroʔ	phamo	ɾogmo	joɾakmo	ɾagbo	khuma	ɾogmo	phadeʔ	dagdeʔ
towipe	sat	satpha	ʃatmage	satpha	satmuã	imo	ymo	lepeziʔmuʔ	yboʔ	yma	zuhama	biʔdeʔ	zuhama
towork	bleret	bleret	bə̆liremage	blerepha	blija	proʔmo	proʔmo	lekoraʔmu	likoɾad̪bo	lekaɾaʔmo	bilakjamẽ	leikhaledeʔ	leka
tree	hiŋ	hiŋ	hiŋ	hiŋ	hiŋ	hiŋ	hiŋthiŋ	hiŋ	hiŋamuŋ	hiŋamuŋ	hiŋ	ʃiŋ	hiŋʔama
turtle	otʃero	adʒero; otʃero	fudərai	hadʒira	adʒora	hudrik	hudrigambu	katʃu	kătʃːu	koiʔ	adʒiro	tʃadaŋ	duli
twelve	sənaɲiŋ	sənaŋeŋ	sənaŋeŋ	sənaɲiŋ	sənani	sinit	səɲik	soŋleni	sõloniʔ	soŋlenik	sõlenik	ʃamʃnis	ʃamsinɲes
twenty	etʃek	etʃet	etʃet	nitʃok	nitʃok	khan	khai	khan	khowan	khowan	khohen	kheihin	khaihin
two	ɲiŋ	ɲiŋ; niʔ	ɲijan	niʔ	ɲiŋ	nit	ɲiʔ	niʃ	niʔ	niʔ	nari	niʃ	ɲes
uncookedrice	ŋiŋgau	ŋiŋgau; ŋiŋgaumətʃeje	ŋiŋgau	ŋiŋgam	ŋiŋgam	nodop	nodop	tʃu	ɾakhaŋtʃhu	tʃhuaseʔ	tʃhuaseʔ	nĭmdi	nĭmdi
village	thap	thap	thap	thak	thap	thuk	thyk	thia	thyk	thyk	thyk	thiup	luŋpa
wall ofhouse	hazaŋ	hazaŋ	hazaŋ	hazaŋ	hazaŋ	jamlok	jamlok	paŋtuŋ	ăzăɾ	tʃikpa	notho	tʃikpa	tʃikpa
water	khou	khou	kho	khou	khou	kho	kho	khou	kho	kho	kho	khu	khau
week	tamlija	tamlija	damlije	tamlija	tamlei	nufusit	niniʃik	–	nĭmisik	hăpt̪a	naniʃik	–	dunkhahin
wet	eʃoi; emum	eʃoŋ; emam; eləŋ	eʃoŋ	eʃoŋ	eʃoŋ	aʃiŋ	khle	khulumale	khli	khile	khaledʒeʔduŋ	uʃiŋ	uʃiŋ
what	niw	niw	niwka	nije	ɲijaga	mu	mua	atja	pə̆tʃõ	pə̆tʃõ	miti	abe	ʔaza
wheat	phijuk	phijok; tʃoʔ	phijo	phijok	phijok	buku	muku	raŋboŋ	məku	muku; phu	phu	phoʔ	phoskar; poʔ
when (nearfuture)	kətʃuŋ	kətʃuŋ	kətʃuŋ	kətʃuŋ	kətʃuŋ	ado	ăd̪uŋ	aduŋlua	ăd̪uŋ	ăd̪uŋ	ăd̪uŋ	adaŋ	tʃetoŋ
where	kəʃoo	kə̆so	kəʃoo	kə̆so	kəʃoo	nəkha	ɲakha	thalua	bĭd̪e	tʃŏ	tʃoro	hata	ʔăwa
white	emoŋ	emou; mõu	emou	mõu	emoŋ	adʒõ	ăzõ	adʒan	ăzõ	ăzõ	ăzõ	jaŋkar	jaŋkar
who	haŋuŋ	haniju	haniju	haniju	haniju	ni	ɲija	mila	mija	mija	mi	mi	mi
wide,broad	erai	sei	ephijaŋ	erai	erai	thi	athat	araŋ	phɾuwado	araŋ	khandʒaŋ	phaɾa	elaŋ
wife	aje	je	aje	je	je	aju	ʔăjo	dʒymy	aju	aju	aju	uja	uja
wind	hasam	aʃam	hasam	hasam	hasam	nosum	nosum	nysujam	phsăm	bosom	nămʃuŋ	nămʃuŋ	nămʃuŋ
window	khirki	khirki	mĕlatʃou	hotʃou	hotʃou	paŋthuŋ	kaudu	kotʃuŋ	kotʃuŋ	kotʃyŋ	kotʃuŋ	kotʃuŋ	ɲalo
woman	bimi	bimi	dimi	hõamu	hõamua	dʒimi	dʒimi	dʒymykhɾe	dʒymy	dʒymy	dʒymy	dhudma	esma
year	tau	dau	dau	tam	etam	tuŋ	tuŋ	tuaŋ	t̪uŋan	tuŋ	tuŋhen	tomhin	tom
yellow	etʃui	dʒoi; edʒoi	edʒoi	dʒoi	edʒoi	ʔaha	ʔaha	ehe	ʔĕhe	ʔĕhe	ʔaha	serbu	dʒuŋ
yesterday	dijo	dijo	dijo	thəmijaŋ	dijo	dijo	dijo	məʃaŋ	dʒŭoha	luŋne; khokniho	naru	duju	duju
youngerbrother (gen)	akhua	akhua	akhua	khue	akhua	abutʃaŋ	unutʃaŋ	anuŋ	anuŋ; ăbeădʒăŋ	anuŋ	athabo	khutʃi	anuŋ
youngersister (gen)	mimua	mimuduwa	ʃadaino	bəmənou	bəmənou	anutʃaŋ	anutʃaŋdu	miriŋadʒan	meriŋadʒen	miɾiŋ	thamo	dʒumu	ʔonuma
