	Monpa (Tawang Monastery)	Monpa (Zimithang)	Monpa (Changprong)	Monpa (Kalaktang)	Monpa (Balemu)	Monpa (Tomko)	Monpa (Namsu)	Monpa (Tembang)	Monpa (Dirang Dum)	Monpa (Sangti)	Monpa (Dirang)
1st pl.	ŋataŋ	ɲi	ŋadaŋ	aiba	dʒam	dʒaŋ	aʃi	aʃi	aɕigaŋpo	dʒaŋ	aʃi
1st sg. (I)	ŋei	ŋei	ɲeh	dʒaŋ	dʒaŋ	dʒaŋ	dʒaŋ	dʒaŋ	dʒaŋ	dʒaŋ	dʒaŋ
2nd pl. (familiar)	itaŋbanaŋ	jira	irbanaŋ	naiba	naiba	naʃibak	naʃi	naʃtiba	nangam	naʃi	naʃibak
2nd pl. (honorific)	itaŋbanaŋ	jiɾa	irbanaŋ	naiba	naiba	naʃibak	naʃi	naʃtiba	nangam	naʃibak	naʃibak
2nd sg. (familiar)	inaŋ	ih	ih	nan	nan	nan	nan	nan	nan	nan	nan
2nd sg. (honorific)	inaŋ	ih	ih	nan	nan	nan	nan	nan	nan	nan	nan
3rd pl.	ʔot; bad̪o	beɾa	bhirbanaŋ	d̪aiba	d̪aiba	d̪aʃibak	oɲaba	daʃi	naʃehane	d̪aʃibak	d̪aʃibak
3rd sg. (female)	be	moi	umraŋ	nan	d̪an	zaminzimbu	nan	–	zamiŋ	zamin	digi
3rd sg. (generic male)	be	be	um	nan	d̪an	nunuzimbu	nan	–	d̪an	d̪an	digi
above	takpa	jur	jur	thuŋga	thuŋa	kate	thuŋga	thuŋga	teka	thuŋga	thuŋga
all	gaŋpo	tʃaŋma	gaŋpu	gaŋpu	kaŋpo	gaŋa	gaŋpu	gaŋpu	gaŋpu	kaŋpu	gaŋpu
ant	h̥rok	h̥ropu	h̥rokpu	khaŋdʒila	khaŋdʒila	khaŋdʒila	khaŋdʒila	khaŋdʒila	khaŋtʃila	khaŋtʃila	khaŋtʃila
arrow	mla	mla	mla	tʃaŋzerma	diminzu	dimin	dimin	dimin	lidimi	dimin	dimin
ashes	bla; d̪huo	bla	bla	thulu	thulu	thuli	khari	khari	thuli	thuli	thuli
axe	tewan	tewan	tewan	beŋɾa	bijaŋɾa	bijaŋɾa	beŋɾa	beŋɾa	bijaŋɾa	bijaŋɾa	beŋɾa
back	geptiŋ	geptiŋ	geptiŋ	tʃhiŋkhaŋ	dʒap	dʒap	getʃik	ʔə̆tʃəbo; getʃik	tʃhiŋkhaŋ	getʃi	tʃhiŋkhaŋ
bad	duktsa	harkhja	duktsa	dukpu	maljaka	dukpu	dukpu	dukpu	d̪uphula	dukpu	dukpu
bamboo	soh̥	ɾih	rui	liʃiŋ	liʃiŋ	ʃi	ʃi	ʃi	ɕi	ʃi	ʃi
banana	lamrep	lamrep	larmep	laisi	leisi	lesi	leisi	leisi	leisi	lesi	lesi
bear	wam	wam	wam	ʔomɕa	omʃa	omʃa	omʃa	omʃa	omʃa	omʃa	omʃa
bee	tʃiŋʃor	siŋsur	siŋsur	muzuma	suŋsuruŋ	nizumba; siŋsur	mizuŋba	mizumba	nizumba	nuzumba	nizumba
belly	kepa	kepa	kepa	pholoŋ	putʃi	putʃi	putʃi	putʃi	putʃi	putʃi	putʃi
below	maŋa	ŋur	mur	phaŋa	dʒupka; ɾadjan	toŋte	toŋte	phɾaŋga	phɾaŋga	phɾaŋga	phɾaŋga; jola
betelnut	–	–	gugæ; gui	goi	goi	goi	goi	tamul	goi	ʃiŋkoptaŋ	goi
big	thenbu	thenbu	them; khoŋtʃigu	taŋpu; tʃhilu	taŋpu	taŋphu	taŋpu	taŋpu	taŋpu	taŋpu	taŋpu
bird	ʃop	ʃja	za	kha	kha	kha	kha	kho	kha	kha	kha
bitter	khau	kho	kho	khalu	khalu	khalu	khakhen	khaliŋkhaliŋ	khawan	khawan	khawan
black	mleŋpo	mleŋban	mlemph	tʃhaŋlu	tʃhaŋloŋ	tʃhaŋluŋ	tʃhaŋluŋ	tʃhaŋluŋ	tʃhaŋlu; gju	tʃhaŋluŋ	tʃhaŋlu
blanket	thaŋa	tantʃam	thaŋa	phaŋa	thaŋa	thaŋa	thaŋa	tʃutuk	thaŋa	thaŋa	thaŋa
blood	khra	khra	khra	ji	ji	dʒi	dʒi	dʒi	dʒi	dʒi	dʒi
boat	naw	per	kho; dru	naw	naw	naw	–	–	naw	dʒaɲtʃi	dʒatʃi
body	luipo	luspu	luipo	luspu	luspu	luspu	luspu	ʔoso; luspu	luspu	luspu	luspu
bone	ɾoʃba	ɾoska	reipa	khaŋ	khaŋ	khaŋ	khaŋ	khaŋ	khaŋ	khaŋ	khaŋ
bow	li	li	li	li	li	li	li	li	li	li	li
branch	ăla	ăla	ăla	alak	alejak	aljak	da	da	ɾa	da	da
broken	botu	photpan	bodgiu	phoʔd̪ilan	photka	potpan	photkan	phutkhen	phot̪iɲdʒi	photkan	photpan
broom	tʃertam	tʃaktam	tʃertam	braŋphaktʃaŋ; ʃertʃaŋ	maibaktʃam	ʃet̪am	tʃantʃaɾan	tʃantʃaɾan	tʃantʃaɾan	tʃantʃaɾan	tʃantʃaɾan
buffalo	duip	bruŋ	mahæ	bruŋ	bruŋ	bruŋ	bruŋ	bruŋ	meɲtʃa	bruŋ	bruŋ
cabbage	petʃahru	bandagobi	–	–; mumt̪oklom	mumt̪oklom	ʃiŋʃawa	bandagobi	–	–	momloŋnaŋ	kobi
candle	la	mumbati	mumbati	mumbati	mumbati	mumbati	mumbati	mumbati	mumbati	mumbati	mumbati
cat	ʒim	ʒim	ʒim	d̪aniŋ; ɲimbu	ɲimbu	nimu	nambu	nambu	namby	nambu	nambu
cauliflower	kophiru	–	–	–	kobi	mumlomnaŋ	phulkobi	–	–	kobi	kobi
cheek	d̪uŋpa	toŋpa	d̪oŋpa	khurkhaŋ	guɾghaŋ	toŋpa	khurkhaŋ	khurkhaŋ	d̪uŋpa	pus	d̪oŋpa
chicken	khama	kha	kha	gowa	guwa	goga	goga	goga	goga	goga	goga
chin	gumdu	gamdi	gamdi	gamdi	gamdi	gamtʃi	gamdi	gamdi	gamthi	gamti	gamthi
cloth	pije	pih	pe	khamuŋ	khamuŋ	khamu	khau	khou	khau	khau	khau
clothing	penaka	pih	genmape	jentʃamkhamuŋ	khamuŋ	khamu	khau; khou	khau; khou	khau	khamtʃudaŋ	khamtʃudaŋ
cloud	saja	saja	saja	mŭkpa	mŭkpa	mŭkpa	məmə; mŭkpa	mŭkpa	mŭkpa	mŭkpa	mŭkpa
cockroach	–	zulu	zulu	zulu	zulu	zulu	zulu	zulu	zuɾu	sakpa	zulu
coconut (ripe)	naɾijal	naɾijal	naɾijal	narkolăse	naɾikol	naɾikol	naɾijal	naɾijal	–	naɾkol	naɾijal
cold	nakpa	ŋakpa	ŋakpa	kurban; tʃhaŋpu	tʃaŋpu	tʃaŋpu	tʃaŋpu	tʃaŋpu	khurla	khurla	tʃhaŋpu
cooked rice	to	toptʃe	to	to	to	toptʃe	totʃaŋ	toʃaŋ	ʔăʋa; totʃaŋ	totʃaŋ	totʃaŋ
corn	ʔotʃum	oʃum	ʔoʃum	aʃam; phinaŋ	phinaŋ	phinaŋ	phinaŋ	phinaŋ	phintaŋ	phinaŋ	phintaŋ
cow	bama	pa	bah̥	wadamo	wa	wa	wa	wa	wa	wa	wa
crocodile	tʃhugzin	tʃukʃeŋ	tʃhugzin	ɾidon	–	–	ɾidon	ɾidon	ɾidon	ɾidon	tʃusen
daughter	burmin	burmin	zomu	zamĭn	zamĭn	zamĭn	zamĭn	zamĭn	zamĭn	zamĭn	zamĭn
day	plaŋ	d̪eʃ	ɲent	ŋamthur	ŋam	ŋam	ŋam	ŋam	t̪inuŋamthur	ŋam	ŋam
deep	gaŋ	toŋtʃen	thiŋriŋku	tiŋpu	tiŋpu	waŋtiŋɾimbu	toŋtʃen	toŋtʃen	t̪oŋkaŋ	toŋtʃen	toŋtʃen
deer	tʃho	kaʃa	tʃho	gaɕa	gaʃa	kaʃa	gaʃa	gaʃa	gaʃja	gaʃa	gaʃa
different	nakanaka	soso	soe	soso	soso	soso	soso	sŭsu	soso	soso	ɾigmatʃikpan
dog	khi	khi	khi	khu	khu	khu	khu	khu	khu	khu	khu
door	koh̥	koh̥	koh̥	kotaŋ	kotaŋ	kotaŋ	kotaŋ	kotaŋ	kotaŋ	kotaŋ	kotaŋ
dry	kempa	kempa	kempa	saŋka	saŋka	saŋbu	saŋbu	saŋbu	saŋbola	saŋbu	saŋbu
duck	geliŋta	gelendi	gelendi	gelenti	gelendi	gelendi	gelendi	gelendi	hãs	gelendi	gelendi
dust	bla	bla	bla	purtʃi	blasa; purtʃi	blasa	duipa	duipa	duipa	duipa	duipa
ear	nelăp	nelăp	nelăp	na	na	na	negaŋ	negaŋ	negaŋ	nejagaŋ	negaŋ
egg	khalum	khalum	khalum	gotham	kotham	gotham	goitham	goitham	goitham	goitham	goitham
eggplant	bando	bandu	bandu	bantho	bantho	pant̪ho	bantho	bantho	bandu	bantho	banthu
eight	get	gen	get	jen	jen	jen	jen	jen	jen	jen	jen
elbow	gɾimoŋ	gɾumoŋ	gɾumoŋ	găzaŋkhlogpa	klikpa	gaɾaŋkili	gaɾaŋkili	gaɾaŋkili	gaɾaŋkili	tʃiŋkhaŋ	gaɾaŋkili
elder brother (gen)	atʃh	atʃh	teintʃoatʃi	ata; au	ata	au	au	au	au	awu	ʔaja
elder sister (gen)	ʔop	au	teintʃoobu	ana	ana	ana	ana	ana	ana	ana	ana
elephant	lampotʃhe	lamptʃa	lamptʃa	mimilaŋputʃhe	meme	lamputʃhe	satʃila	setʃila	satʃila	satʃila	satʃila
eleven	tʃithi	lenuŋ	tʃithi	soŋthur	soŋthur	soŋthur	soŋthur	soŋthur	soŋthur	soŋthur	soŋthur
empty	toŋpa	toŋpa	toŋpa	toŋpa	toŋpa	toŋpa	toŋpa	toŋpa	toŋpa	toŋpa	toŋpa
evening	num	nopt̪	nuptæk	ɲiɾi	ɲiɾi	ɲiɾi	ɲiɾi	ɲiɾi	ɲiɾi	ŋeɾi	ɲiɾi
eye	meloŋ	minoŋ	meloŋ	miŋ	miŋ	miŋ	miŋ	miŋ	miŋ	miŋ	miŋ
face	bah̥	bah̥	bah̥	doŋpa	doŋpa	ba	doŋpa	doŋpa	doŋpa	doŋpa	doŋpa
far	thora	thariŋbu	thariŋph	thariŋbu	thariŋbu	thariŋbu	thăɾiŋbu	thariŋbu	thăɾiŋbu	dʒaŋlimbu	dʒaŋɾiŋbu
fast	ʃet	ʃetpo	dodʒo	dʒokpu	dʒokpu	dʒokpu	dʒokpu	dʒokpu	dʒokpu	dʒokpu	dʒokpu
fat	tʃhi	tʃhi	tʃhi	jan; si	si	si	si	si	si	si	si
fat	phiak	kijaʔpa	giakpa	toktumaŋ	thaŋpu	thaŋpu	toptʃen	biŋtʃen	biŋtʃen	biŋtʃen	biŋtʃen
father	ăpha	apa	apa	apa	apa	apa	apa	apa	apa	apa	apa; atʃhi
few	tʃaluthi	halamd̪i	halamd̪i	anithur; tit̪aŋ	aniŋthur	aŋthur	tʃathur	tʃathur	tʃjamtuɾta	saŋthur	tʃjamtuɾta
finger	lap	lapu	lap	găzaŋbruma	gaɾaŋbruma	gaɾaŋbruma	brama	gaɾagatuŋ	gaɾaŋbruma	gaɾaŋbruma	gaɾaŋbruma
fingernail	zimpoŋ	zimpoŋ	zimpoŋ	găzaŋtʃiŋna	gaɾaŋtʃiŋnaŋ	tʃinaŋ	gaɾaŋtʃiŋnaŋ	gaɾaŋtʃiŋnaŋ	tʃinaŋ	tʃinaŋ	tʃinaŋ
fire	meh̥	me	me	mi	mi	mi	mi	mi	mi	mi	mi
fish	ɲa	ɲa	ɲja	ŋa	ŋa	ŋa	ŋa	ŋa	ŋa	ŋa	ŋa
five	leŋa	leŋa	leŋa	ŋa	ŋa	ŋa	ŋa	ŋa	ŋa	ŋa	ŋa
flower	mĭnto	mĭnto	mĭnto	momnaŋ	momnaŋ	momnaŋ	momnaŋ	momnaŋ	momnaʋ	momnaŋ	momnaŋ
fly	praŋ	praŋ	praŋ	joŋbu	dʒama	zamba	zamba	zamba	zamba	zamba	zamba
foot	lemintiŋma	letoŋ	lemin	bhi	bhi	biɾiŋbu	bih̥	bhi	bhi	bih̥	bifaɾa
four	bli	plih̥	bli	psi	pʃi	pʃi	psi	psi	bə̆si	pʃi	pʃi
friend (male)	puna	khomdʒa	puna	dʒaɾo	ɾoko	ɾoko	ɾok	ɾok	ɾok	ɾok	ɾok
frog	paip	paip	paip	paipu	paiphu	pepu	beŋkut̪a	kjakpa	kjakpa	beŋkut̪a	beŋkuɾta
fruit	ʃĭŋtok	ʃiŋdo	ʃiŋdo	se	se	pema	goŋ	zas	se	zas	goŋ
full	dăkja	tempke	tempba	phuŋka	phuŋka	ɾid̪impula	phuŋbe	phuŋbe	phuŋbe	phuŋbe	phuŋbe
garlic	tʃhĕt	tʃotʃu	tʃhĕt	lam	lam	lam	lam	lam	lam	lam	lam
goat	ra	ra	ra	raba	rawa	rawa	rawa	rawa	raba	rawa	rawa
gold	ser	ser	ser	ser	ser	ser	ser	ser	ser	ser	ser
good	dju	t̪ego	namda	lekpu	ljakpu	jakpu	phelo	phelula	phelula	phelo	phelula
green	ŋ̆au	ŋ̆au	ŋ̆au	jeŋnoŋ	dʒaŋku	jaŋluŋ	jaŋlu	jaŋluŋ	jaŋlu	jaŋluŋ	jaŋlu
hair	khra	khra	khra	tʃham	tʃam	tʃam	tʃham	tʃham	tʃham	tʃham	tʃham
hammer	toŋ	toŋ	toŋ	peɾilakt̪oŋ	laktom	martul	toŋ	hambaɾ	thoŋ	khatoŋ	thoŋ
hand	lah̥	lah̥	lah̥	găzaŋ	gaɾaŋ	gaɾaŋ	gaɾaŋ	gaɾaŋ	gaɾaŋ	gaɾaŋ	gaɾaŋ
head	got	laŋ	kæktuŋ	ɕaɾam	ʃjaɾaŋ	ʃaɾaŋ	ʃaɾaŋ	ʃaɾaŋ	ʃjaɾaŋ	ʃaɾaŋ	ʃjaɾaŋ
heart (organ)	niŋga	niŋ	niŋ	thiŋlom	sem	sem	sem	thiŋlom	thimluŋ	thimluŋ	timnuŋ
heavy	lju	lupo	liu	tʃitpu	tʃitpu	tʃhipu	tʃitpu	dʒirtʃen	tʃhipu	tʃitpu	tʃhipu
horn (of buffalo)	h̥ruwa	h̥ruwa	ɾuba	waroŋ	waɾuŋ	waɾuŋ	waroŋ	waɾuŋ	waroŋ	waɾuŋ	ʋaɾoŋ
hot	tʃu	tʃherpa	tʃu	tʃhabu	tʃhabula	tʃo	tʃotʃo	tʃotʃo	sopla	tʃotʃo	tʃotʃo
house	khim	khem	khem	phaji	phai	phei	phei	phei	phe	phai	phei
house lizard (gecko)	–	kotʃaloma	sãs	duŋduŋma	duŋduŋma	–	–	aiptʃaŋ	–	abitʃaŋ	abitʃaŋ
how many	go	katʃem	golo	hămthur	gesaŋ	kezaŋ	gedʒaŋ	gedʒaŋ	gest̪uja	gest̪ur	gedʒaŋja
hundred	gja	gjadi	gja	dʒathur	dʒathur	dʒathur	dʒathur	dʒathur	dʒathur	gjathur	gjathur
hungry	bremnesu	bɾem	bremnesu	binaŋkhuka	binaŋ	binaŋkhulːa	binaŋ	binaŋkhukhen	binaŋkhulːa	binaŋkhulːa	binaŋkhulːa
husband	makpo	makpo	makpo	phoibu	phuibu	juŋpa	juŋpa	juŋpa	juŋpa	phjama	phaiapa
insect	gon	gon	gon	bu	bu	bu	bu	bu	bu	bu	bunaka
jack fruit				khand̪ălase							
knee	kholokpa	kholokpa	kholokpa	gumlaktoŋ	kholokpa	kloktʃi	gumziŋ	gumziŋ	kolokpa	kolokpa	gumziŋ
knife (to cut meat)	tʃutʃuŋ	tʃutʃuŋ	kiotʃuŋ	tʃhoŋdaza	tʃhoŋ	tʃowaŋ	tʃowaŋ	tʃowaŋ	tʃowaŋza	tʃowaŋza	baɾi; tʃoŋza
leaf	palăp	palăp	palăp	ʃiŋʃaʋa	ʃawa	ʃawa	ʃawa	ʃawa	ʃiŋʃaʋa	ʃawa	ʃawa
left	jonpa	joŋba	jonpa	jon; mijoŋ	jon	jon	jomlokpatsok	jomlokpatsok	phelitʃok	joŋlakpa	jomlokpatsok
light (not heavy)	jaŋpo	jaŋbu	jaŋphu	jaŋphu	jaŋphu	jaŋbu	aruŋdu; jaŋbu	jaŋbu	jaŋpuza	jaŋbu	jaŋbu
lightning	ɲălap	bruʔ	lo	waŋmoŋ	t̪aŋhepka	t̪aŋhempan	taŋlem	taŋlemkhen	mivolaʔ	muŋtaŋ	t̪amlept̪am
lime (for betelnut)	tʃhun; tʃun	tʃun		tʃhun; tʃun	tʃhun; tʃun	tʃun; thuli	tʃun	tʃhun; tʃun	tʃhun; tʃun	tʃun	tʃhui; tʃun
liquor	băŋtʃaŋ	tʃaŋ	băŋtʃaŋ	ju	băŋtʃaŋ	băŋtʃaŋ	ju	ju	băŋtʃaŋ	ju	ju
long	ɹiŋku	ɾiŋbu	ɹiŋku	rinbu	ɾiŋmu	rinbu	ɾiŋbu	ɾiŋbu	rinbu	ɾiŋbu	ɾiŋbu
man	mih̥	ʃokp	mih̥	phjoksa	soŋo	tʃoŋga	soŋa	bŭd̪ŭn; soŋa	zoŋa; t̪hurta	soŋa	ʃam
mango	am	am	am; amredoŋpo		am	am	am	am	am	am	am
many	dertʃamunu	jol; hokje	jor	otpa; ʃama	otpa	jor	tʃhatʃha	tʃatʃi	tʃhatʃha	tespe	tʃhatʃha; zagpu
meat	ʃja	ʃja	ʃaʔ	ɕa	ʃa	ʃa	ʃa	ʃa	ʃja	ŋa	ʃa
medicine	man	man	man	man	man	man	man	man	man	man	man
milk	ʔoma	oma	ʔoma	nu; numːa	numa	numa	nu	nu	nu	nu	nu
monkey	pra	pra	pra	zala	zala	zalamu	zala	zala	zala	zala	zala
month	leʔ	leʔ	leʔ	lanithur	laɲi	lani	laɲi	laɲi	lanithur	laŋi	laji
moon	lei	lei	laɲi; lei	laniŋ	laɲiŋ	laɲi	laɲi	laɲi	laɲi	laŋi	laiŋam
morning	naleŋ	naleŋ	naileiaŋ	betpuk	namniŋ	namniŋ	namniŋ	namniŋ	namniŋ	namneŋ	namniŋ
mosquito	–	pheli	phelu	troŋtʃum	troŋtʃum	toŋʃuŋ	kroŋtʃuŋ	kroŋtʃuŋ	kuɾoŋtʃuŋbu	zamba	kuɾoŋtʃuŋbu
mother	ămah̥	ama	ama	ama	ama	ama	ama	ama	ama	ama	ama
mountain	lah̥	lah̥	lah̥	zoɾ	bəɾaʔ	zoɾ	ɾiwo	ɾju	ɾju	ɾju	ɾju
mouth	kha	kha	kha	noaŋ	nowaŋ	noaŋ	nowaŋ	nowaŋ	noaŋ	nowaŋ	nowaŋ
mud	ʃimzaŋ	dʒinsan	sintʃaŋ	juŋtʃaŋ	iŋsaŋ	dʒinsan	sintʃaŋ	ziŋtʃan	dʒiŋzaŋ	dʒiŋzaŋ	dʒiŋzaŋ
name	meŋ	meŋ	meŋ	min	miŋ	miŋ	miŋ	miŋ	min	miŋ	miŋ
narrow	gjabru	toŋbu	tʃei	zimu	tʃaizimbu	saptʃaniŋtsa	–; dʒembu	tʃoŋdʒoŋ	–	tʃupɾak	ʃoŋzimbu
near	ɾeka	ɾeka	maŋa	kepka; ɾaga	ɾemnaŋ	kepka	tepka	tepka	t̪hepza	tepka	t̪hepza
neck	ɲo	ɲo	ɲeu	ŋam	ŋaŋ	ŋaŋ	ŋaŋ	ŋaŋ	ŋaŋ	ŋaŋ	ŋaŋ
needle	khap	kham	khap	kham	kham	kham	kham	kham	kham	kham	kham
new	sarpa	seru	sarpa	siŋma	siŋma	siŋba	siŋba	siŋba	siŋba	siŋba	siŋba
night	tʃĭn	tʃen	ʃen	binaŋ	binaŋ	pinaŋ	buinaŋ	binaŋ	buinaŋ	buinaŋ	buinaŋ
nine	d̪ŭgu	d̪ŭgu	d̪ŭgu	gu	gu	ŋu	gu	gu	gu	gu	gu
noon	guŋzi	guŋzi	tʃorən	jenaŋam	jenaŋam	jenaŋ	jenaŋ	jenaŋ	jenaŋ	jenaŋ	jenaŋ
nose	nah̥	nah̥	nah̥	nahum	nakhuŋ	naku	naguŋ	naguŋ	nak	nawu	nawuŋ
oil	num	nuŋ	num	si	si	si	si	num	si	si	si
old	ɲĩŋ pah̥	ɲiŋma	ɲĩŋ pah̥	manma	manma	manba	manba	manba	manpa	manba	manba
one	thi	thi	thi	thur	thur	thur	thur	thur	thur	thur	thur
onion	tʃoŋ	tʃoŋ	tʃoŋ	tʃoŋ	tʃoŋ	tʃoŋ	tʃoŋ	tʃoŋ	tʃoŋ	tʃoŋ	tʃoŋ
paddy rice	nuh̥	nuh̥	nuh̥	barakhu	ɾa	ɾa	ɾa	ɾa	ɾa	ɾa	ɾa
palm	lalatiaŋ	laten	laten	găzaŋpatʃarma	gaɾaŋpar	gaɾaŋpar	gaɾaŋpar	gaɾaŋpar	gaɾaŋpar	gaɾaŋpar	gaɾaŋpar
paper	ʃuk	ʃugu	ʃugu	ʃugu	ʃugu	ʃugu	ʃugu	ʃugu	ʃugu	ʃugu	ʃugu
path	ʃaŋnaŋ	ɾhan	raŋdaŋ	lam	lam	lam	lam	lam	lam	lam	lam
peanut	badam	badam	badam	badam	badam	badam	badam	badam	badam	badam	badam
person	miʔ	miʔ	miʔ	soŋo	soŋo	tʃoŋga	soŋa	–; soŋa	–	soŋ	soŋa
pig	pha	pha	pha	phakpa	phakpa	phakpa	phakpa	phakpa	phakpa	phakpa	phakpa
pillow	ŋai	ŋas	ŋai	ŋas	ŋas	ŋas	ŋas	ŋas	ŋas	ŋas	ŋas
potato	kheh̥	khe	khe	pasagom	pasagoŋ	tʃokt̪aŋ	dʒoktaŋ	tʃokt̪aŋ	dʒogtaŋ	dʒoktaŋ	dʒogtaŋ
rabbit	hălah̥	–	rekoŋ	jos	seʃa	–	regoŋ	kaɾgos	–	semtʃen	gɾoŋtaŋ
rain	nam	nam	nam	ŋamsu	ŋamsu	ŋamsu	ŋamsu	ŋamsu	ŋamsu	ŋamsu	ŋamsu
rainbow	ŋah̥	ɲah	ɲia	mudiɾeŋma	mud̪jaŋba	mud̪jaŋba	mud̪jaŋba	mud̪jaŋba	mŭdʒamba	mud̪eŋma	mud̪jaŋba
rat	ʒupho	sut̪oka	dʒu	pŭtʃurba	psakpa	tʃhu	tʃhu	tʃhu	tʃhu	tʃhu	tʃhu
red	liu	liu	liu	tʃhalo	tʃalu	tʃhalu	tʃalu	tʃalu	tʃhalu	tʃhalu	tʃhalu
red pepper	sol	sola	sola	solu	sulu	sulu	solu	sulu	sulu	sulu	solu
right	jeipa	ewa	jeipa	jas; lajoŋ	jas	jas	phelutʃok	pheltʃoʔ	jomlok	phelutʃok	phelutʃok
ring (on finger)	seldŭp	lapɲonum	sonup	tʃhaid̪um	tʃoiduŋ	tʃodum	tʃoiduŋ	tʃoiduŋ	tʃodum	tʃoiduŋ	tʃoiduŋ
ripe	tʃoʃu	tʃoʃu	tʃoʃu	mĭnka	mĭnka	thulan	dʒoŋkhen	miŋkhen	minla	thunmala	minpan
river	roŋ	ɲjamtsan	roŋ	ɾijama	ɾijama	druŋ	goŋɾi	ɾi	ɾi	ɾigoŋɾi	goŋɾi
road	lemnoŋ	ɾhaŋtan	lamdʒin	lam	gaɾilam	gaɾilam	gaɾilam	lam	lam	gaɾilam	gaɾilam
roof	thosa	phan	phaŋ	phaibŭŋnaŋ	phaibŭŋnaŋ	phethuŋ	pheithuŋ	pheithuŋ	tʃoi	phethuŋ	pheithuŋ
root	hrăwa	rawaʔ	rawaʔ	tʃa	tʃa	tʃa	ɾu	ɾu	ra	ra	ra
rotten (fruit)	–	rigjaga	rygijo	–	ɕitkala	dʒipan	dʒidpæn	zitkhen	–	ʃikan	dʒipan
salt	tʃa	tʃa	tʃaʔ	iɲtʃha	iŋtʃa	iɲtʃha	intʃa	intʃa	iɲtʃha	iŋtʃa	iŋtʃa
same	pluiraŋ	ŋot̪o	pluiraŋ	dolu	d̪ulula	puspu	ŋonbu	ŋonbu	ɾitʃikpu	ɾitʃikpu	ɾitʃikpu
sand	betʃa	betʃa	betʃa	betʃa	betʃa	petʃa	bali	betʃa	betʃa	betʃa	betʃa
sea	gjatʃo	kjamtʃo	tʃo	tʃo	tʃuməlit̪i	ɾitaŋpu	dʒamtʃo	tʃo	tʃo	ɾitaŋpu	tʃo
seed	ʒu	ʒu	ʒu	li	li	li	li	ʃe	li	li	li
seven	ŋis	nis	nis	zum	zum	zum	zum	zum	zum	zum	zum
shallow	tʃĕge	ɲoŋbo; tʃiroptiu	tʃiroptiu	lema	lema	ɾid̪iŋpumala	toŋme	–	t̪oŋkaŋmala || ̃ai za	lemlem; ŋeŋe	
short (length)	t̪ompu	tombo	t̪ompu	khanti	khandi	khanda	khanda	khanthur	inza	khanda	khanda
silver	ŋui	ŋui	ŋui	ŋui	ŋoi	ŋoi	ŋoi	ŋoi	ŋoi	ŋoi	ŋoi
six	gro	gro	gro	khum	khuŋ	khuŋ	khuŋ	khuŋ	khuŋ	khuŋ	khuŋ
skin	pep	phe	pep	moŋnaŋ	moŋnaŋ	moŋnaŋ	moŋnaŋ	moŋnam	moŋnaŋ	moŋnaŋ	moŋnaŋ
sky	nə̆mt̪ŭŋ	namduŋ	ŋam; namduŋ	ŋamt̪uŋ	ŋam	ŋam	ŋam	ŋam	ŋamthuŋ	ŋam	ŋam
slow	ŋăɾaŋja	kole	ŋanaŋ	tʃhapten	tʃhapten	tʃaptʃe	jampe	tʃaptʃi	tʃaptʃe	tʃaptʃe	tʃaptʃe
small	pru	plju	priu; pru	zimu	zimu	aɲiŋtsa	zembu	zimbu	zimbu || ̃ai za	zimbu	
smoke	mebun	memoŋ	miwan	mugu	mugu	muhu	mugi	mugi	mui	mugi	mugi
snake	muri	muri	muri	buʃila	buʃila	putʃhla	butʃila	butʃila	buʃila	buʃila	buʃila
soil ground	sah̥	sah̥	satʃa	sa	sah̥	sah̥	saʔ	saʔ	sa	sah̥	sah̥
some	jerothi	dʒi	bakthi	anithur	naka	haŋginu	otʃan	tʃat	tʃhatʃhatʃhona	haŋanu	tʃjaŋ
son	bŭza	bŭza	zokpu	za	za	sa	za	za	za	za	za
sour	tʃhu	tʃju	tʃju	tʃhurpu	tʃhurpu	tʃhurpu	tʃurtʃur	tʃurtʃur	tʃhurpu	tʃhurpu	tʃhurpu
spear	duŋ	–	thuŋ	khabar	khabaɾa	phar	dʒoŋ	dʒoŋ	tʃhumi	tiŋkaŋ	khabar
spicy, hot	khaudʒikpo	khaudʒikpo	khaudʒikpo	ʃokpu	hasok1a	khaso	tʃikhen	tʃikhen	tʃhinla	tʃhinla	tʃherbu
spider	haŋpalam	haŋplaŋ	hampalam	ɾoŋʃuŋbu	khoŋsama	abigoŋsu	atəroŋba	atəroŋba	buŋpu	băɾoŋba	broŋbu
spoon (for eating)	klem	plem	klem	lem	lem	lem	lem	lem	lem	lem	lem
star	karma	karma	dydʒy̆k; karma	karma	karma	karma	dətʃuŋ; karma	karma	karma	karma	karma
stone	gor	gor	gor	luŋ	luŋ	luŋ	luŋ	luŋ	luŋ	luŋ	luŋ
sugarcane	khŏmin	ʃeŋlakhomin	selikomin	khŏmin	khumin	khŏmin	khomd̪aɾaŋ	khomdiraŋ	khomd̪aɾaŋ	khomtheɾaŋ	khomtheɾaŋ
sun	plaŋ	plaŋ	ŋam; plaŋ	ŋam	ŋam	ŋamziɾ	ŋam	ŋam	ŋam	ŋam	ŋam
sweat	muiwa	ŋuiba	ŋuiba	ɕŭpt̪aŋ	ɕipt̪aŋ	ʃupt̪aŋ	ʃupt̪aŋ	ʃupt̪aŋ	ɕŭpt̪aŋ	ʃupt̪aŋ	ʃupt̪aŋ
sweet	ɲokpo	ɲokpo	ɲokpo	tʃhertʃher	juŋmu; tʃhertʃher	juŋbu	joŋjoŋ	joŋjoŋ	juŋbu	juŋbu	juŋbu
tail	megon	mejoŋ	mæŋgo	ɕampi	ʃampi	ʃampi	ʃamphi	ʃamphi	ɕampi	ʃampi	ʃamphi
ten	tʃih̥	tʃih̥	tʃih̥	se	se	se	se	se	sje	se	se
that thing	ʔot	udu	hordʒilo	uɲu	uɲu	ola	othu	oinotsaŋ	–	uɲu	uɲumo
these things	ʔutbatso	utʃu	umgoŋph	utba	utu	athagaŋa	othugaŋpu	utgambu	uthuhaŋlja	utugampu	uthubagmo
thin	kempo	tʃakɾeŋ	kempa	tokzimu	temtem	tʃampu	pirkoŋ	dukpudʒa	zembuza	kɾemʃipːa	kɾemʃipːa
thirsty	bekemo	pekemt̪i	pekemu	ɾinaŋsopka	ɾinaŋ	ɾinaŋsopla	ɾinaŋ	ɾinaŋsopkhen	ɾinaŋsopla	ɾinaŋsopla	ɾinaŋsopla
this thing	ʔutʃ	ʔŭtʃhi	uthdʒilo	uthu	utu	atha	oɲu	utnotʃan	uthu	uturɲatsaŋ	uthu
thorn	tʃu	tʃu	tʃu	zu	zu	zu	zu	zu	zu	zu	zu
those things	ʔotbatho	od̪o	gaŋpo	uɲuba	uɲu	jorla	othugaŋpu	oigaŋpu	ujohaŋlja	ʔoɲugampu	uɲubagmo
thousand	toŋtra	toŋta	toŋta	toŋtra	toŋta	toŋta	toŋta	toŋta; toŋthur	toŋtathuɾ	toŋtathuɾ	toŋtathuɾ
thread	kutpa	kutpa	kutpa	kutpaŋ	kutpaŋ	kutpa	kutpa	kutpa	kŭpa	kutpa	kutpa
three	sum	sum	sum	san	tsam	tsam	sam	sam	sum	sam	sam
thunder	bɾu	bɾu	bɾu	druk; muŋphoka	mut̪irka	muŋdirpan	muŋdir	muŋdirkhen	d̪uŋd̪uŋmala	t̪aŋlepkan	muŋt̪aŋ
tiger	tʃĕn	t̪a	teh	khaila	semtʃen	semtʃen	buʃu	buat̪a	buʃu	buat̪a	bu
to bite	tʃigu	ŋom	tʃikrasu	ŋamtʃham	ŋamla	ŋaman	dʒamkhən	ŋamkhen	ŋamkowa	ŋamʃu	ŋamʃu
to boil (water)	klago	kladu	klago; klakgosu	ɾitʃhabuantʃam	loŋla	ɾitso	ɾitsokhən	tʃakhən	ɾitsothakpo	tʃasu	lakla
to burn	tʃigo	t̪ot̪ini	totgosu	goktʃham	gokpo	gokpan	gokpo	gokhen	gokpo	goku	goktʃu; antʃux
to buy	ŋeso	ɲet̪ur	ɲegosu	ŋontʃham	ŋolo	ŋokisaspola	leŋbo	leŋkhen	lejaŋbo	lejaŋbo	leŋtsu
to come	ʔoŋdu	ʔoŋniba	hoŋgosu	ŭntʃham	unla	ʔuhan	ukhen	ukhen	ŭɾu	ŭɾu	untʃu; ŭɾu
to cook	thĕgo	tʃhokteni	thæk gosu	thagtʃham	thakla	soŋman	tokhrən	thaʔkhən	thakpo	thakhu	thakhu
to cry	ŋusu	ŋurni	ŋuigosu	gittʃham	gibla	gepan	gepkan	gepkhən	gijoana	gepkan	gepʃu
to cut something	ŋramo	zeid̪u	tupgosu	tʃagtʃham	d̪oŋla; tʃala	zaman	zambo	doŋkhen	d̪oŋba; zambo	d̪oŋkan	d̪oŋba
to dance	tʃambrogo	phɾod̪u	brokgosu	tʃhamdʒomtʃham	bɾudʒoŋla	dʒoŋman	lembo	tʃamlemakhen	tʃamlembo	lembo	lem
to die	ʃiʃu	ʃikhen; ʃirni	ʃigosu	ʃintʃham	ʃika	ʃeljan	ʃikan	ʃikhen	ʃilo	ʃikan	ʃindʒi; ʃinsu
to do make	jagu	jad̪u	jakgosu	ăntʃam; tʃotʃam	alo	–	alo	akhen	–	ʔalo	ʔanzu
to dream	mibrin	mibrin	milbintoŋgosu	muŋʃi	moŋʃit̪hoŋla	moŋtʃot̪oŋla	moŋʃu	moŋʃuthoŋkhen	moŋtʃot̪oŋla	moŋʃo	moŋʃo
to drink	thoŋo	thoŋmo	thoŋgosu	dʒamtʃham	dʒamla	dʒaman	dʒamkhən	dʒamkhən	dʒamʃu	dʒamʃu	dʒamʃu
to eat	sasuh̥	sərni	toptʃidʒaigosu	zamtʃham	dʒanla	zalaŋ	dʒakhən	dʒakhən	zana	t̪otʃaŋ	zei
to enter	deilaŋgedu	naŋga	neŋageigosu	luptʃhaŋ	nupʔunla	korkid̪lan	nupkhən	nupkhən	phainaŋgaʔuɾu	naŋad̪i	naŋga
to fly	hurdu	pir	hurgosu	phentʃham	phenla	tʃirpan	pirkhən	pirkhən	psilomu	psiʃo	ʃintʃu
to forget	ŋatu	ŋatu	ŋatgegosu	ŋatʃham	ŋat̪ka	ŋatpan	grandʒamekhen	graŋgimekhen	ŋataɲdʒi	ŋat̪akan	ŋatla
to give	biʒu	beɾini	biugosu	bintʃham	bilo	bilo	bilo	bikhen	bilo	bi	bintʃu
to go	geid̪u	kiakt̪imo	geigosu	d̪intʃam	d̪inla	d̪ilan	d̪ilo	d̪ilo	d̪i	d̪ilo	d̪i
to hate	miʃinu	khoŋtʃirni	misinu	semmapheka	gotkilamomala	prakpan	saraŋgoŋkhen	magrakhen	zapɾekatinla	magɾakan	magɾakan; bortʃu
to hear	ɲanu	ɲanini	ɲangosu	nad̪oktʃham	nad̪okla	nahadokpan	akhən	nakhən	negaŋkathawo	naʃu	naʃu
to kick	letoŋ	letoŋ	lækimipigosu	bitiŋphitʃham	bitiŋpinla	bist̪int̪erpan	bitiŋpækhən	terkhən	bitiŋpewo	pitiŋ	bitiŋpewo
to kill	soto	sot̪ini	sotgosu	ʃentʃham; syʔ	seŋemo	ʃengimkholo	ʃekhen	ʃekhen	ʃijewo	ʃeʃu	ʃeʃu
to know	kano	khanini	kangosu	sentʃham	selo	seksaspan	brekhen	seikhen	sena	gumʃikan	haguntʃu; tʃenla
to laugh	geso	geid̪u	gegosu	ŋartʃham	ŋarla	ŋarban	ŋaren	ŋarkhen	ŋarbo	ŋarʃu	ŋarʃu
to lie, fib	sotʃatu	zo	pæŋgosu	sodaektʃham	zohand̪am	zogjakbo	zokjakhen	zokjakhen	zogjakbo	zogjakbo	phatʃa
to lift	jigu	thurni	jikgosu	phuntʃham	phulo	phulan	ukhen	phuakhen	phulo	phuʃu	phulo
to love	sinu	siŋdur	siŋdiagosu	sempheka; sinu	phakla	semphelan	gɾakhen	gɾakhen	geɾalo	grakan	gɾantʃu
to play	ʃano	tʃand̪ini	ʃijangosu	ɲepăntʃham	ɲipla	ɲepan	ɲexo	ɲepakhen	ŋjewo	ŋjewo	ɲepʃu
to pull	tjaŋo	teŋnini	teŋgosu	dʒaŋtʃham	dʒakphalo	dʒaŋpan	dʒaŋpo	dʒaŋakhen	dʒaŋpo	tʃaŋku	dʒaŋku
to push	togo	tokteni	thowatgosu	thogtʃham	t̪okgemo	tokpan	bekhen	brekakhen	bɾako	bɾako	bɾaw
to rest	ŋeitʃotʃo	ŋeitʃotʃo	ɲetʃogosu	ʃoŋɾaŋtʃham	ʃoŋlaka	ʃoŋlalan	ʃoŋlakhan	ʃoŋlakhan	ɾintʃhoi	ipʃu	ʃoŋlai
to see	t̪eso	t̪erni	tegosu	kottʃham	goɾla	gotpan	gotkhən	gotkhən	gotpo	gotʃu	gotʃu
to sell	mujo	moilini	muigosu	tʃhomtʃham	tʃoŋo	kholo	tʃoŋalo	tʃoŋakhen	tʃoŋalo	khod̪ilo	bitʃu
to sew	tjego	ŋɾopt̪ur	kɾopgosu	tʃhogtʃham	tʃokla	tʃokpo	tʃokpo	tʃokhen	tʃokpo	tʃokan	soksu
to sing	ɲoɾo	ɲorduni	dʒu; ɲorgosu	ŋanzamtʃham	ɲoɾla	ɲirpan	ɲurkhən	ɲurkhən	ŋaŋɲirpo	jurtʃu	ɲurtʃu
to sit	ʃidu	zugza	sitgosu	laŋtʃhontʃham	laŋo	tʃholan	tʃokhən	laŋtsukhən	laŋtʃe	laŋtʃoi	laŋtʃoi
to sleep	ŋejo	ɲema	ŋeigosu	iptʃham	ipka	ipan	iho; ipkhen	ipkhen	ʔiwo	ʔiwo	ʔipʃu
to speak	siatu	ɲekt̪ini	ʃiatgosu	ektʃham	jakla	jakpan	ʔinma; jekhən	jekhən; jerkhen	lojakpo	jakːan	jakla
to stand	laŋzugu	laŋni	laŋgosu	thintʃhoŋtʃham	thindʒok	thiŋman	thiŋkhən	thiŋkhən	thiŋkhu	thiŋkhu	theŋtʃoi
to steal	kŭso	kunma	kunmajgosu	drobenantʃham	dhuben	droganpa	gɾowan	guranakhen	gɾonalo	gɾogan	gɾowan
to swim	kei	kei	keibogosu	tʃaiantʃham	tʃajanla	ganpan	tʃei	ɲepkhən	ɾigaɲjewo	ɾigaŋjapʃo	ɾiai
to take	khuɾo	ɾot̪ini	wadgosu	phantʃham	phalo	phalo	phakhen	phakhen	phawo	phaji	doktʃu
to take bath	luiptʃju	tʃhulu	tʃuigosu	luʃpuzigtʃham	zipo	zigpan	luspuzigpo	luspuzikhen	ɕeɾaŋtʃŭlo	zikan	luspuzigtʃu
to tell	ɲego	ʃətur	ʃiatɲekgosu	jekpega	jakpo	jaksaspan	d̪ygma; ukhən	jerkhen	jakpo	tʃoskan	jaku
to throw	h̥athoŋo	ot̪huk	watgosu	gemtʃham	gemo	kaman	phirpok	phirakhen	phirpho	phertʃu	phir
to tie	gɾago	tʃiŋnini	damgosu	thigtʃham	tʃheŋla; tʃhikpo	thikpan	gɾaho	damakhen	thikbo	t̪amtʃu	thiu; t̪amtʃu
to wait	brănu	titu	purongosu	nomtʃhomtʃham	nuŋkala	nagannuŋman	noŋkhən	noŋtʃukhən	dʒaŋnaŋ	noŋkhu	noŋkhu
to walk	deidu	kjapt̪i	geigosu	d̪aŋtʃham	d̪aŋla	thaŋman	dikhən	daŋkhən	d̪aŋba	d̪amku	d̪aŋkhu
to wash	tʃjo	tʃelu	tʃaŋmotʃoigosu	zigtʃham	zipla	zigpan	zeikhen	zeikhen	tʃŭlo	tʃhukan	dʒiksu
to weave (on loom)	tjego	gentur	thekgosu	kamuŋnamtʃham	namla	thikpan	namkhan	namkhen	naŋbo	namkhan	khawnamzu
to wipe	sot̪u	sot̪ini	saŋwatgosu	jaitʃham	jajbo	tʃospan	phakhen	phaakhen	phakpo	ʃeʃu	phakpo; ʃeʃu
to work	leka	jad̪u	leikojak gosu	lekaăntʃham	lekaalo	ɲakalaŋ	lekaalo	leikaakhen	ălo	lekaʔalo	lekaʔanzu
today	d̪eʃ	t̪eis	d̪eʃ	tenoŋ	thĭnuŋ	thĭnuŋ	d̪eʃ; thĭnuŋ	thĭnuŋ	thĭnuŋ	t̪inuŋ	thĭnuŋ
tomorrow	nokor	nokor	nokor	namtʃaŋ	ŋamtʃa	iŋɾoŋ	ŋamtʃa	ŋamtsi	ŋamtʃha	imnuŋ	ŋamtʃha
tongue	leh̥	leh̥	leh̥	le	le	le	le	le	le	le	leh̥
tooth	wah̥	wah̥	wah̥	ɕa	ʃa	ʃa	ʃa	ʃa	ɕja	ɕa	ʃah̩
tree	ʃjaŋ	ʃæŋ	ʃjaŋ	ʃiŋ	ʃiŋ	ʃiŋ	ʃiŋ	ʃiŋ	ʃiŋ	ʃiŋ	ʃiŋ
turtle	rube	rube	ruipæ	gatʃa	ɾiba	–	katʃu	katʃu	–	d̪uɾi	d̪uɾi
twelve	tʃiŋnei	tʃide	tʃiŋnei	soŋnitʃiŋ	soŋnitʃiŋ	soŋnitʃiŋ	soŋnitʃiŋ	soŋnitʃiŋ	soŋnitʃiŋ	soŋnitʃiŋ	soŋnitʃiŋ
twenty	khăli	khăli	khăli	khaithur	khaithur	khaidur	khethuɾ	khethuɾ	khethuɾ	khethuɾ	khethuɾ
two	nei	nei	nei	nitʃiŋ	nitʃiŋ	nitʃiŋ	nitʃiŋ	nitʃiŋ	nitʃiŋ	nitʃiŋ	nitʃiŋ
uncooked rice	d̪ep	d̪ep	d̪ep	khoŋma	baɾakhuh̥	khoŋbaɾa	khu	khu	khu	khu	khu
village	y	jyh̥	jyh̥	duŋ	duŋ	duŋ	duŋ	duŋ	duŋ	duŋ	duŋ
wall of house	tʃikpa	tʃar	lok; sakpa	phaiɾed̪aŋ	ɾed̪aŋ	tʃikpa	jamlok	jamlok	tʃikpa	tʃikpa	pheilok; tʃikpa
water	tʃi	tʃi	tʃi	ɾi	ɾi	ɾi	ɾi	ɾi	ɾi	ɾi	ɾi
week	ʒa	tʃei	hăpt̪a	hopt̪a	d̪untsi	inaŋzum	duntʃi	binazuŋ	binazuŋ	boinamzuŋ	benamzum; ŋamzum
wet	ʃerpa	ʃerpa	dʒasu; ruipa	jenlu	d̪amkala	let̪a	ʃira	ʃira	dʒiŋzaŋ; ʃirila	bet̪ar	ʃiɾi; pet̪ar
what	zi	zilo	zilo	hăŋ	hăŋ	hăŋ	hăŋ	hăŋ	hăŋ	haŋja	haŋja
wheat	ko	nas	ko	boŋ	boŋ	mo	raŋboŋ	boŋ	boŋ	kompu	boŋ
when (near future)	gailo	gurku	geiʃ	giti	git̪ija	giti	giti	giti	giti	giti	giti
where	kătʃe	kale	gadʒe	waga	waga	jakpan	waga	waga	băga	waga	băga
white	kher	keɾu	kher	balimin	balaŋbu	balaŋbu	balaŋbu	balaŋbu	baluŋbo	baluŋbo	baluŋbo
who	suh̥	suh̥	sulo	si	si	si	si	si	si	sija	sija
wide, broad	gjad̪hen	ɾiŋbu	riŋthuŋ	taŋpu; tʃhilu	tʃaitaŋpu	saptʃataŋpu	tʃei	belaktaŋ	biŋtʃhen	koɾgoɾ	ʃoŋ
wife	băksə̆r	băksə̆r	băksə̆r	nĭzi; phăjama	phăjama	nĭzi	phejama	phaiama	nĭzi	ŋizi	phaiama
wind	ʃot	ʃot	hrut	ɾidi	ɾidi	ɾidi	ɾidi	ɾidi	ɾidi	ɾidi	ɾidi
window	kotʃuŋ	kotʃuŋ	kotʃuŋ	kutʃuŋ	kotʃyŋ	kotʃuŋ	kotʃuŋ	kotʃuŋ	kotʃuŋ	kotʃuŋ	kotʃuŋ
woman	ămah	burmin	muip	mijoktʃa	ɲizoka	tʃhimi	niza	ămah; ɲidʒa	ŋiza	ŋiza	ŋiza
year	tumreh	tumreh	tomrit	ɲiŋ	ɲiŋ	niŋthuɾ	ɲiŋ	ɲiŋ	niŋthuɾ	ɲeŋt̪hur	ɲiŋ
yellow	sirpo	siɾu	sirph	serbu	tʃerbu	serbu	seru	seru	serbu	serbu	serbu
yesterday	d̪aŋ	d̪aŋ	d̪aŋ	iɲiŋ	iniŋ	iniŋ	ɲiŋam	iŋam	iŋom	ŋamtʃa	iŋom
younger brother (gen)	ʃokpu	ʔoh	prisozokpu	boɲiŋ	buɲiŋ	boniŋ	boɲiŋ	buɲiŋ	boɲi	boɲiŋ	boɲiŋ
younger sister (gen)	ʃomu	ʔow	prisozomu	zi	naɲiŋ	zi	naɲiŋ	naɲiŋ	zi	zi	naɲiŋ
